schema	3
source_repository	Kcat-art/DD-Y1-es419-translation
primary_platform	PS3
kind	ps3_path	ps3_preview	ps2_path	ps2_preview	pair_key
PAIR	ADVERTISE/ai_to_toubou.dat	0	ADVERTISE/AI_TO_TOUBOU.DAT	0	ADVERTISE/AI_TO_TOUBOU.DAT#0<->ADVERTISE/AI_TO_TOUBOU.DAT#0
PAIR	ADVERTISE/ai_to_toubou.dat	1	ADVERTISE/AI_TO_TOUBOU.DAT	1	ADVERTISE/AI_TO_TOUBOU.DAT#1<->ADVERTISE/AI_TO_TOUBOU.DAT#1
PAIR	ADVERTISE/bakuchi_uti.dat	0	ADVERTISE/BAKUCHI_UTI.DAT	0	ADVERTISE/BAKUCHI_UTI.DAT#0<->ADVERTISE/BAKUCHI_UTI.DAT#0
PAIR	ADVERTISE/bakuchi_uti.dat	1	ADVERTISE/BAKUCHI_UTI.DAT	1	ADVERTISE/BAKUCHI_UTI.DAT#1<->ADVERTISE/BAKUCHI_UTI.DAT#1
PAIR	ADVERTISE/bottakuri_bar.dat	0	ADVERTISE/BOTTAKURI_BAR.DAT	0	ADVERTISE/BOTTAKURI_BAR.DAT#0<->ADVERTISE/BOTTAKURI_BAR.DAT#0
PAIR	ADVERTISE/bottakuri_bar.dat	1	ADVERTISE/BOTTAKURI_BAR.DAT	1	ADVERTISE/BOTTAKURI_BAR.DAT#1<->ADVERTISE/BOTTAKURI_BAR.DAT#1
PAIR	ADVERTISE/chapter1.dat	0	ADVERTISE/CHAPTER1.DAT	0	ADVERTISE/CHAPTER1.DAT#0<->ADVERTISE/CHAPTER1.DAT#0
PAIR	ADVERTISE/chapter1.dat	1	ADVERTISE/CHAPTER1.DAT	1	ADVERTISE/CHAPTER1.DAT#1<->ADVERTISE/CHAPTER1.DAT#1
PAIR	ADVERTISE/chapter10.dat	0	ADVERTISE/CHAPTER10.DAT	0	ADVERTISE/CHAPTER10.DAT#0<->ADVERTISE/CHAPTER10.DAT#0
PAIR	ADVERTISE/chapter10.dat	1	ADVERTISE/CHAPTER10.DAT	1	ADVERTISE/CHAPTER10.DAT#1<->ADVERTISE/CHAPTER10.DAT#1
PAIR	ADVERTISE/chapter11.dat	0	ADVERTISE/CHAPTER11.DAT	0	ADVERTISE/CHAPTER11.DAT#0<->ADVERTISE/CHAPTER11.DAT#0
PAIR	ADVERTISE/chapter11.dat	1	ADVERTISE/CHAPTER11.DAT	1	ADVERTISE/CHAPTER11.DAT#1<->ADVERTISE/CHAPTER11.DAT#1
PAIR	ADVERTISE/chapter12.dat	0	ADVERTISE/CHAPTER12.DAT	0	ADVERTISE/CHAPTER12.DAT#0<->ADVERTISE/CHAPTER12.DAT#0
PAIR	ADVERTISE/chapter12.dat	1	ADVERTISE/CHAPTER12.DAT	1	ADVERTISE/CHAPTER12.DAT#1<->ADVERTISE/CHAPTER12.DAT#1
PAIR	ADVERTISE/chapter13.dat	0	ADVERTISE/CHAPTER13.DAT	0	ADVERTISE/CHAPTER13.DAT#0<->ADVERTISE/CHAPTER13.DAT#0
PAIR	ADVERTISE/chapter13.dat	1	ADVERTISE/CHAPTER13.DAT	1	ADVERTISE/CHAPTER13.DAT#1<->ADVERTISE/CHAPTER13.DAT#1
PAIR	ADVERTISE/chapter14.dat	0	ADVERTISE/CHAPTER14.DAT	0	ADVERTISE/CHAPTER14.DAT#0<->ADVERTISE/CHAPTER14.DAT#0
PAIR	ADVERTISE/chapter14.dat	1	ADVERTISE/CHAPTER14.DAT	1	ADVERTISE/CHAPTER14.DAT#1<->ADVERTISE/CHAPTER14.DAT#1
PAIR	ADVERTISE/chapter15.dat	0	ADVERTISE/CHAPTER15.DAT	0	ADVERTISE/CHAPTER15.DAT#0<->ADVERTISE/CHAPTER15.DAT#0
PAIR	ADVERTISE/chapter15.dat	1	ADVERTISE/CHAPTER15.DAT	1	ADVERTISE/CHAPTER15.DAT#1<->ADVERTISE/CHAPTER15.DAT#1
PAIR	ADVERTISE/chapter16.dat	0	ADVERTISE/CHAPTER16.DAT	0	ADVERTISE/CHAPTER16.DAT#0<->ADVERTISE/CHAPTER16.DAT#0
PAIR	ADVERTISE/chapter16.dat	1	ADVERTISE/CHAPTER16.DAT	1	ADVERTISE/CHAPTER16.DAT#1<->ADVERTISE/CHAPTER16.DAT#1
PAIR	ADVERTISE/chapter17.dat	0	ADVERTISE/CHAPTER17.DAT	0	ADVERTISE/CHAPTER17.DAT#0<->ADVERTISE/CHAPTER17.DAT#0
PAIR	ADVERTISE/chapter17.dat	1	ADVERTISE/CHAPTER17.DAT	1	ADVERTISE/CHAPTER17.DAT#1<->ADVERTISE/CHAPTER17.DAT#1
PAIR	ADVERTISE/chapter18.dat	0	ADVERTISE/CHAPTER18.DAT	0	ADVERTISE/CHAPTER18.DAT#0<->ADVERTISE/CHAPTER18.DAT#0
PAIR	ADVERTISE/chapter18.dat	1	ADVERTISE/CHAPTER18.DAT	1	ADVERTISE/CHAPTER18.DAT#1<->ADVERTISE/CHAPTER18.DAT#1
PAIR	ADVERTISE/chapter2.dat	0	ADVERTISE/CHAPTER2.DAT	0	ADVERTISE/CHAPTER2.DAT#0<->ADVERTISE/CHAPTER2.DAT#0
PAIR	ADVERTISE/chapter2.dat	1	ADVERTISE/CHAPTER2.DAT	1	ADVERTISE/CHAPTER2.DAT#1<->ADVERTISE/CHAPTER2.DAT#1
PAIR	ADVERTISE/chapter3.dat	0	ADVERTISE/CHAPTER3.DAT	0	ADVERTISE/CHAPTER3.DAT#0<->ADVERTISE/CHAPTER3.DAT#0
PAIR	ADVERTISE/chapter3.dat	1	ADVERTISE/CHAPTER3.DAT	1	ADVERTISE/CHAPTER3.DAT#1<->ADVERTISE/CHAPTER3.DAT#1
PAIR	ADVERTISE/chapter4.dat	0	ADVERTISE/CHAPTER4.DAT	0	ADVERTISE/CHAPTER4.DAT#0<->ADVERTISE/CHAPTER4.DAT#0
PAIR	ADVERTISE/chapter4.dat	1	ADVERTISE/CHAPTER4.DAT	1	ADVERTISE/CHAPTER4.DAT#1<->ADVERTISE/CHAPTER4.DAT#1
PAIR	ADVERTISE/chapter5.dat	0	ADVERTISE/CHAPTER5.DAT	0	ADVERTISE/CHAPTER5.DAT#0<->ADVERTISE/CHAPTER5.DAT#0
PAIR	ADVERTISE/chapter5.dat	1	ADVERTISE/CHAPTER5.DAT	1	ADVERTISE/CHAPTER5.DAT#1<->ADVERTISE/CHAPTER5.DAT#1
PAIR	ADVERTISE/chapter6.dat	0	ADVERTISE/CHAPTER6.DAT	0	ADVERTISE/CHAPTER6.DAT#0<->ADVERTISE/CHAPTER6.DAT#0
PAIR	ADVERTISE/chapter6.dat	1	ADVERTISE/CHAPTER6.DAT	1	ADVERTISE/CHAPTER6.DAT#1<->ADVERTISE/CHAPTER6.DAT#1
PAIR	ADVERTISE/chapter7.dat	0	ADVERTISE/CHAPTER7.DAT	0	ADVERTISE/CHAPTER7.DAT#0<->ADVERTISE/CHAPTER7.DAT#0
PAIR	ADVERTISE/chapter7.dat	1	ADVERTISE/CHAPTER7.DAT	1	ADVERTISE/CHAPTER7.DAT#1<->ADVERTISE/CHAPTER7.DAT#1
PAIR	ADVERTISE/chapter8.dat	0	ADVERTISE/CHAPTER8.DAT	0	ADVERTISE/CHAPTER8.DAT#0<->ADVERTISE/CHAPTER8.DAT#0
PAIR	ADVERTISE/chapter8.dat	1	ADVERTISE/CHAPTER8.DAT	1	ADVERTISE/CHAPTER8.DAT#1<->ADVERTISE/CHAPTER8.DAT#1
PAIR	ADVERTISE/chapter9.dat	0	ADVERTISE/CHAPTER9.DAT	0	ADVERTISE/CHAPTER9.DAT#0<->ADVERTISE/CHAPTER9.DAT#0
PAIR	ADVERTISE/chapter9.dat	1	ADVERTISE/CHAPTER9.DAT	1	ADVERTISE/CHAPTER9.DAT#1<->ADVERTISE/CHAPTER9.DAT#1
PAIR	ADVERTISE/koroshiya.dat	0	ADVERTISE/KOROSHIYA.DAT	0	ADVERTISE/KOROSHIYA.DAT#0<->ADVERTISE/KOROSHIYA.DAT#0
PAIR	ADVERTISE/koroshiya.dat	1	ADVERTISE/KOROSHIYA.DAT	1	ADVERTISE/KOROSHIYA.DAT#1<->ADVERTISE/KOROSHIYA.DAT#1
PAIR	ADVERTISE/koroshiya.dat	2	ADVERTISE/KOROSHIYA.DAT	2	ADVERTISE/KOROSHIYA.DAT#2<->ADVERTISE/KOROSHIYA.DAT#2
PAIR	ADVERTISE/questionnaire.dat	0	ADVERTISE/QUESTIONNAIRE.DAT	0	ADVERTISE/QUESTIONNAIRE.DAT#0<->ADVERTISE/QUESTIONNAIRE.DAT#0
PAIR	ADVERTISE/segalogo.dat	0	ADVERTISE/SEGALOGO.DAT	0	ADVERTISE/SEGALOGO.DAT#0<->ADVERTISE/SEGALOGO.DAT#0
PAIR	ADVERTISE/titlelogo.dat	0	ADVERTISE/TITLELOGO.DAT	0	ADVERTISE/TITLELOGO.DAT#0<->ADVERTISE/TITLELOGO.DAT#0
PAIR	ADVERTISE/titlelogo.dat	1	ADVERTISE/TITLELOGO.DAT	1	ADVERTISE/TITLELOGO.DAT#1<->ADVERTISE/TITLELOGO.DAT#1
PAIR	ADVERTISE/titlelogo.dat	2	ADVERTISE/TITLELOGO.DAT	2	ADVERTISE/TITLELOGO.DAT#2<->ADVERTISE/TITLELOGO.DAT#2
PS3_ONLY	ADVERTISE/titlelogo_w.dat	0			
PS3_ONLY	ADVERTISE/titlelogo_w.dat	1			
PS3_ONLY	ADVERTISE/titlelogo_w.dat	2			
PAIR	BATTLE_START_CAPTION/adv_go_aresu.dat	0	BATTLE_START_CAPTION/ADV_GO_ARESU.DAT	0	BATTLE_START_CAPTION/ADV_GO_ARESU.DAT#0<->BATTLE_START_CAPTION/ADV_GO_ARESU.DAT#0
PAIR	BATTLE_START_CAPTION/adv_go_bacchus.dat	0	BATTLE_START_CAPTION/ADV_GO_BACCHUS.DAT	0	BATTLE_START_CAPTION/ADV_GO_BACCHUS.DAT#0<->BATTLE_START_CAPTION/ADV_GO_BACCHUS.DAT#0
PAIR	BATTLE_START_CAPTION/adv_go_batting.dat	0	BATTLE_START_CAPTION/ADV_GO_BATTING.DAT	0	BATTLE_START_CAPTION/ADV_GO_BATTING.DAT#0<->BATTLE_START_CAPTION/ADV_GO_BATTING.DAT#0
PAIR	BATTLE_START_CAPTION/adv_go_boy_hospital.dat	0	BATTLE_START_CAPTION/ADV_GO_BOY_HOSPITAL.DAT	0	BATTLE_START_CAPTION/ADV_GO_BOY_HOSPITAL.DAT#0<->BATTLE_START_CAPTION/ADV_GO_BOY_HOSPITAL.DAT#0
PAIR	BATTLE_START_CAPTION/adv_go_debora.dat	0	BATTLE_START_CAPTION/ADV_GO_DEBORA.DAT	0	BATTLE_START_CAPTION/ADV_GO_DEBORA.DAT#0<->BATTLE_START_CAPTION/ADV_GO_DEBORA.DAT#0
PAIR	BATTLE_START_CAPTION/adv_go_doushima_jimusho.dat	0	BATTLE_START_CAPTION/ADV_GO_DOUSHIMA_JIMUSHO.DAT	0	BATTLE_START_CAPTION/ADV_GO_DOUSHIMA_JIMUSHO.DAT#0<->BATTLE_START_CAPTION/ADV_GO_DOUSHIMA_JIMUSHO.DAT#0
PAIR	BATTLE_START_CAPTION/adv_go_hanagata_bill.dat	0	BATTLE_START_CAPTION/ADV_GO_HANAGATA_BILL.DAT	0	BATTLE_START_CAPTION/ADV_GO_HANAGATA_BILL.DAT#0<->BATTLE_START_CAPTION/ADV_GO_HANAGATA_BILL.DAT#0
PAIR	BATTLE_START_CAPTION/adv_go_haruka_anzen.dat	0	BATTLE_START_CAPTION/ADV_GO_HARUKA_ANZEN.DAT	0	BATTLE_START_CAPTION/ADV_GO_HARUKA_ANZEN.DAT#0<->BATTLE_START_CAPTION/ADV_GO_HARUKA_ANZEN.DAT#0
PAIR	BATTLE_START_CAPTION/adv_go_kawara.dat	0	BATTLE_START_CAPTION/ADV_GO_KAWARA.DAT	0	BATTLE_START_CAPTION/ADV_GO_KAWARA.DAT#0<->BATTLE_START_CAPTION/ADV_GO_KAWARA.DAT#0
PAIR	BATTLE_START_CAPTION/adv_go_kazama.dat	0	BATTLE_START_CAPTION/ADV_GO_KAZAMA.DAT	0	BATTLE_START_CAPTION/ADV_GO_KAZAMA.DAT#0<->BATTLE_START_CAPTION/ADV_GO_KAZAMA.DAT#0
PAIR	BATTLE_START_CAPTION/adv_go_kazama_jimusho.dat	0	BATTLE_START_CAPTION/ADV_GO_KAZAMA_JIMUSHO.DAT	0	BATTLE_START_CAPTION/ADV_GO_KAZAMA_JIMUSHO.DAT#0<->BATTLE_START_CAPTION/ADV_GO_KAZAMA_JIMUSHO.DAT#0
PAIR	BATTLE_START_CAPTION/adv_go_lobby.dat	0	BATTLE_START_CAPTION/ADV_GO_LOBBY.DAT	0	BATTLE_START_CAPTION/ADV_GO_LOBBY.DAT#0<->BATTLE_START_CAPTION/ADV_GO_LOBBY.DAT#0
PAIR	BATTLE_START_CAPTION/adv_go_okujou.dat	0	BATTLE_START_CAPTION/ADV_GO_OKUJOU.DAT	0	BATTLE_START_CAPTION/ADV_GO_OKUJOU.DAT#0<->BATTLE_START_CAPTION/ADV_GO_OKUJOU.DAT#0
PAIR	BATTLE_START_CAPTION/adv_go_peace_finance.dat	0	BATTLE_START_CAPTION/ADV_GO_PEACE_FINANCE.DAT	0	BATTLE_START_CAPTION/ADV_GO_PEACE_FINANCE.DAT#0<->BATTLE_START_CAPTION/ADV_GO_PEACE_FINANCE.DAT#0
PAIR	BATTLE_START_CAPTION/adv_go_ryujinkaikan.dat	0	BATTLE_START_CAPTION/ADV_GO_RYUJINKAIKAN.DAT	0	BATTLE_START_CAPTION/ADV_GO_RYUJINKAIKAN.DAT#0<->BATTLE_START_CAPTION/ADV_GO_RYUJINKAIKAN.DAT#0
PAIR	BATTLE_START_CAPTION/adv_go_serena.dat	0	BATTLE_START_CAPTION/ADV_GO_SERENA.DAT	0	BATTLE_START_CAPTION/ADV_GO_SERENA.DAT#0<->BATTLE_START_CAPTION/ADV_GO_SERENA.DAT#0
PAIR	BATTLE_START_CAPTION/adv_go_shinji.dat	0	BATTLE_START_CAPTION/ADV_GO_SHINJI.DAT	0	BATTLE_START_CAPTION/ADV_GO_SHINJI.DAT#0<->BATTLE_START_CAPTION/ADV_GO_SHINJI.DAT#0
PAIR	BATTLE_START_CAPTION/adv_go_stardust.dat	0	BATTLE_START_CAPTION/ADV_GO_STARDUST.DAT	0	BATTLE_START_CAPTION/ADV_GO_STARDUST.DAT#0<->BATTLE_START_CAPTION/ADV_GO_STARDUST.DAT#0
PAIR	BATTLE_START_CAPTION/adv_go_toba.dat	0	BATTLE_START_CAPTION/ADV_GO_TOBA.DAT	0	BATTLE_START_CAPTION/ADV_GO_TOBA.DAT#0<->BATTLE_START_CAPTION/ADV_GO_TOBA.DAT#0
PAIR	BATTLE_START_CAPTION/adv_go_tougenkyo.dat	0	BATTLE_START_CAPTION/ADV_GO_TOUGENKYO.DAT	0	BATTLE_START_CAPTION/ADV_GO_TOUGENKYO.DAT#0<->BATTLE_START_CAPTION/ADV_GO_TOUGENKYO.DAT#0
PAIR	BATTLE_START_CAPTION/adv_pursue_shinji.dat	0	BATTLE_START_CAPTION/ADV_PURSUE_SHINJI.DAT	0	BATTLE_START_CAPTION/ADV_PURSUE_SHINJI.DAT#0<->BATTLE_START_CAPTION/ADV_PURSUE_SHINJI.DAT#0
PAIR	BATTLE_START_CAPTION/adv_save_date.dat	0	BATTLE_START_CAPTION/ADV_SAVE_DATE.DAT	0	BATTLE_START_CAPTION/ADV_SAVE_DATE.DAT#0<->BATTLE_START_CAPTION/ADV_SAVE_DATE.DAT#0
PAIR	BATTLE_START_CAPTION/adv_save_date_daughter.dat	0	BATTLE_START_CAPTION/ADV_SAVE_DATE_DAUGHTER.DAT	0	BATTLE_START_CAPTION/ADV_SAVE_DATE_DAUGHTER.DAT#0<->BATTLE_START_CAPTION/ADV_SAVE_DATE_DAUGHTER.DAT#0
PAIR	BATTLE_START_CAPTION/adv_save_dog.dat	0	BATTLE_START_CAPTION/ADV_SAVE_DOG.DAT	0	BATTLE_START_CAPTION/ADV_SAVE_DOG.DAT#0<->BATTLE_START_CAPTION/ADV_SAVE_DOG.DAT#0
PAIR	BATTLE_START_CAPTION/adv_save_haruka.dat	0	BATTLE_START_CAPTION/ADV_SAVE_HARUKA.DAT	0	BATTLE_START_CAPTION/ADV_SAVE_HARUKA.DAT#0<->BATTLE_START_CAPTION/ADV_SAVE_HARUKA.DAT#0
PAIR	BATTLE_START_CAPTION/adv_search_hanaya_son.dat	0	BATTLE_START_CAPTION/ADV_SEARCH_HANAYA_SON.DAT	0	BATTLE_START_CAPTION/ADV_SEARCH_HANAYA_SON.DAT#0<->BATTLE_START_CAPTION/ADV_SEARCH_HANAYA_SON.DAT#0
PAIR	BATTLE_START_CAPTION/adv_search_haruka.dat	0	BATTLE_START_CAPTION/ADV_SEARCH_HARUKA.DAT	0	BATTLE_START_CAPTION/ADV_SEARCH_HARUKA.DAT#0<->BATTLE_START_CAPTION/ADV_SEARCH_HARUKA.DAT#0
PAIR	BATTLE_START_CAPTION/arase_wo_gekiha.dat	0	BATTLE_START_CAPTION/ARASE_WO_GEKIHA.DAT	0	BATTLE_START_CAPTION/ARASE_WO_GEKIHA.DAT#0<->BATTLE_START_CAPTION/ARASE_WO_GEKIHA.DAT#0
PAIR	BATTLE_START_CAPTION/atobegumi_zenmetu.dat	0	BATTLE_START_CAPTION/ATOBEGUMI_ZENMETU.DAT	0	BATTLE_START_CAPTION/ATOBEGUMI_ZENMETU.DAT#0<->BATTLE_START_CAPTION/ATOBEGUMI_ZENMETU.DAT#0
PAIR	BATTLE_START_CAPTION/bar_tenin_zenmetu.dat	0	BATTLE_START_CAPTION/BAR_TENIN_ZENMETU.DAT	0	BATTLE_START_CAPTION/BAR_TENIN_ZENMETU.DAT#0<->BATTLE_START_CAPTION/BAR_TENIN_ZENMETU.DAT#0
PAIR	BATTLE_START_CAPTION/binbo_yanky.dat	0	BATTLE_START_CAPTION/BINBO_YANKY.DAT	0	BATTLE_START_CAPTION/BINBO_YANKY.DAT#0<->BATTLE_START_CAPTION/BINBO_YANKY.DAT#0
PAIR	BATTLE_START_CAPTION/btl_abe.dat	0	BATTLE_START_CAPTION/BTL_ABE.DAT	0	BATTLE_START_CAPTION/BTL_ABE.DAT#0<->BATTLE_START_CAPTION/BTL_ABE.DAT#0
PAIR	BATTLE_START_CAPTION/btl_akai_brother.dat	0	BATTLE_START_CAPTION/BTL_AKAI_BROTHER.DAT	0	BATTLE_START_CAPTION/BTL_AKAI_BROTHER.DAT#0<->BATTLE_START_CAPTION/BTL_AKAI_BROTHER.DAT#0
PAIR	BATTLE_START_CAPTION/btl_aotakeiji.dat	0	BATTLE_START_CAPTION/BTL_AOTAKEIJI.DAT	0	BATTLE_START_CAPTION/BTL_AOTAKEIJI.DAT#0<->BATTLE_START_CAPTION/BTL_AOTAKEIJI.DAT#0
PAIR	BATTLE_START_CAPTION/btl_ari_blother.dat	0	BATTLE_START_CAPTION/BTL_ARI_BLOTHER.DAT	0	BATTLE_START_CAPTION/BTL_ARI_BLOTHER.DAT#0<->BATTLE_START_CAPTION/BTL_ARI_BLOTHER.DAT#0
PAIR	BATTLE_START_CAPTION/btl_bloody_eye.dat	0	BATTLE_START_CAPTION/BTL_BLOODY_EYE.DAT	0	BATTLE_START_CAPTION/BTL_BLOODY_EYE.DAT#0<->BATTLE_START_CAPTION/BTL_BLOODY_EYE.DAT#0
PAIR	BATTLE_START_CAPTION/btl_blue_z.dat	0	BATTLE_START_CAPTION/BTL_BLUE_Z.DAT	0	BATTLE_START_CAPTION/BTL_BLUE_Z.DAT#0<->BATTLE_START_CAPTION/BTL_BLUE_Z.DAT#0
PAIR	BATTLE_START_CAPTION/btl_bouto.dat	0	BATTLE_START_CAPTION/BTL_BOUTO.DAT	0	BATTLE_START_CAPTION/BTL_BOUTO.DAT#0<->BATTLE_START_CAPTION/BTL_BOUTO.DAT#0
PAIR	BATTLE_START_CAPTION/btl_elevator.dat	0	BATTLE_START_CAPTION/BTL_ELEVATOR.DAT	0	BATTLE_START_CAPTION/BTL_ELEVATOR.DAT#0<->BATTLE_START_CAPTION/BTL_ELEVATOR.DAT#0
PAIR	BATTLE_START_CAPTION/btl_gang_busters.dat	0	BATTLE_START_CAPTION/BTL_GANG_BUSTERS.DAT	0	BATTLE_START_CAPTION/BTL_GANG_BUSTERS.DAT#0<->BATTLE_START_CAPTION/BTL_GANG_BUSTERS.DAT#0
PAIR	BATTLE_START_CAPTION/btl_gouda_masuo.dat	0	BATTLE_START_CAPTION/BTL_GOUDA_MASUO.DAT	0	BATTLE_START_CAPTION/BTL_GOUDA_MASUO.DAT#0<->BATTLE_START_CAPTION/BTL_GOUDA_MASUO.DAT#0
PAIR	BATTLE_START_CAPTION/btl_hirata.dat	0	BATTLE_START_CAPTION/BTL_HIRATA.DAT	0	BATTLE_START_CAPTION/BTL_HIRATA.DAT#0<->BATTLE_START_CAPTION/BTL_HIRATA.DAT#0
PAIR	BATTLE_START_CAPTION/btl_jackal_yagisawa.dat	0	BATTLE_START_CAPTION/BTL_JACKAL_YAGISAWA.DAT	0	BATTLE_START_CAPTION/BTL_JACKAL_YAGISAWA.DAT#0<->BATTLE_START_CAPTION/BTL_JACKAL_YAGISAWA.DAT#0
PAIR	BATTLE_START_CAPTION/btl_jaka_cook_risyo.dat	0	BATTLE_START_CAPTION/BTL_JAKA_COOK_RISYO.DAT	0	BATTLE_START_CAPTION/BTL_JAKA_COOK_RISYO.DAT#0<->BATTLE_START_CAPTION/BTL_JAKA_COOK_RISYO.DAT#0
PAIR	BATTLE_START_CAPTION/btl_jaka_kouseiin.dat	0	BATTLE_START_CAPTION/BTL_JAKA_KOUSEIIN.DAT	0	BATTLE_START_CAPTION/BTL_JAKA_KOUSEIIN.DAT#0<->BATTLE_START_CAPTION/BTL_JAKA_KOUSEIIN.DAT#0
PAIR	BATTLE_START_CAPTION/btl_jaka_sihainin.dat	0	BATTLE_START_CAPTION/BTL_JAKA_SIHAININ.DAT	0	BATTLE_START_CAPTION/BTL_JAKA_SIHAININ.DAT#0<->BATTLE_START_CAPTION/BTL_JAKA_SIHAININ.DAT#0
PAIR	BATTLE_START_CAPTION/btl_jingu_kyosuke.dat	0	BATTLE_START_CAPTION/BTL_JINGU_KYOSUKE.DAT	0	BATTLE_START_CAPTION/BTL_JINGU_KYOSUKE.DAT#0<->BATTLE_START_CAPTION/BTL_JINGU_KYOSUKE.DAT#0
PAIR	BATTLE_START_CAPTION/btl_law_carron.dat	0	BATTLE_START_CAPTION/BTL_LAW_CARRON.DAT	0	BATTLE_START_CAPTION/BTL_LAW_CARRON.DAT#0<->BATTLE_START_CAPTION/BTL_LAW_CARRON.DAT#0
PAIR	BATTLE_START_CAPTION/btl_law_carron_search.dat	0	BATTLE_START_CAPTION/BTL_LAW_CARRON_SEARCH.DAT	0	BATTLE_START_CAPTION/BTL_LAW_CARRON_SEARCH.DAT#0<->BATTLE_START_CAPTION/BTL_LAW_CARRON_SEARCH.DAT#0
PAIR	BATTLE_START_CAPTION/btl_mati_gorotuki.dat	0	BATTLE_START_CAPTION/BTL_MATI_GOROTUKI.DAT	0	BATTLE_START_CAPTION/BTL_MATI_GOROTUKI.DAT#0<->BATTLE_START_CAPTION/BTL_MATI_GOROTUKI.DAT#0
PAIR	BATTLE_START_CAPTION/btl_mia.dat	0	BATTLE_START_CAPTION/BTL_MIA.DAT	0	BATTLE_START_CAPTION/BTL_MIA.DAT#0<->BATTLE_START_CAPTION/BTL_MIA.DAT#0
PAIR	BATTLE_START_CAPTION/btl_moto_doujimagumi.dat	0	BATTLE_START_CAPTION/BTL_MOTO_DOUJIMAGUMI.DAT	0	BATTLE_START_CAPTION/BTL_MOTO_DOUJIMAGUMI.DAT#0<->BATTLE_START_CAPTION/BTL_MOTO_DOUJIMAGUMI.DAT#0
PAIR	BATTLE_START_CAPTION/btl_nishikiyama_akira.dat	0	BATTLE_START_CAPTION/BTL_NISHIKIYAMA_AKIRA.DAT	0	BATTLE_START_CAPTION/BTL_NISHIKIYAMA_AKIRA.DAT#0<->BATTLE_START_CAPTION/BTL_NISHIKIYAMA_AKIRA.DAT#0
PAIR	BATTLE_START_CAPTION/btl_oumirengou_kouseiin.dat	0	BATTLE_START_CAPTION/BTL_OUMIRENGOU_KOUSEIIN.DAT	0	BATTLE_START_CAPTION/BTL_OUMIRENGOU_KOUSEIIN.DAT#0<->BATTLE_START_CAPTION/BTL_OUMIRENGOU_KOUSEIIN.DAT#0
PAIR	BATTLE_START_CAPTION/btl_pares_jugyoin.dat	0	BATTLE_START_CAPTION/BTL_PARES_JUGYOIN.DAT	0	BATTLE_START_CAPTION/BTL_PARES_JUGYOIN.DAT#0<->BATTLE_START_CAPTION/BTL_PARES_JUGYOIN.DAT#0
PAIR	BATTLE_START_CAPTION/btl_sawada_hikaru.dat	0	BATTLE_START_CAPTION/BTL_SAWADA_HIKARU.DAT	0	BATTLE_START_CAPTION/BTL_SAWADA_HIKARU.DAT#0<->BATTLE_START_CAPTION/BTL_SAWADA_HIKARU.DAT#0
PAIR	BATTLE_START_CAPTION/btl_shimanogumi_wakasyu.dat	0	BATTLE_START_CAPTION/BTL_SHIMANOGUMI_WAKASYU.DAT	0	BATTLE_START_CAPTION/BTL_SHIMANOGUMI_WAKASYU.DAT#0<->BATTLE_START_CAPTION/BTL_SHIMANOGUMI_WAKASYU.DAT#0
PAIR	BATTLE_START_CAPTION/btl_shiraki_yuuji.dat	0	BATTLE_START_CAPTION/BTL_SHIRAKI_YUUJI.DAT	0	BATTLE_START_CAPTION/BTL_SHIRAKI_YUUJI.DAT#0<->BATTLE_START_CAPTION/BTL_SHIRAKI_YUUJI.DAT#0
PAIR	BATTLE_START_CAPTION/btl_shujin_0949.dat	0	BATTLE_START_CAPTION/BTL_SHUJIN_0949.DAT	0	BATTLE_START_CAPTION/BTL_SHUJIN_0949.DAT#0<->BATTLE_START_CAPTION/BTL_SHUJIN_0949.DAT#0
PAIR	BATTLE_START_CAPTION/btl_time_limit_okujo.dat	0	BATTLE_START_CAPTION/BTL_TIME_LIMIT_OKUJO.DAT	0	BATTLE_START_CAPTION/BTL_TIME_LIMIT_OKUJO.DAT#0<->BATTLE_START_CAPTION/BTL_TIME_LIMIT_OKUJO.DAT#0
PAIR	BATTLE_START_CAPTION/btl_tougou_kakinosuke.dat	0	BATTLE_START_CAPTION/BTL_TOUGOU_KAKINOSUKE.DAT	0	BATTLE_START_CAPTION/BTL_TOUGOU_KAKINOSUKE.DAT#0<->BATTLE_START_CAPTION/BTL_TOUGOU_KAKINOSUKE.DAT#0
PAIR	BATTLE_START_CAPTION/btl_white_edge.dat	0	BATTLE_START_CAPTION/BTL_WHITE_EDGE.DAT	0	BATTLE_START_CAPTION/BTL_WHITE_EDGE.DAT#0<->BATTLE_START_CAPTION/BTL_WHITE_EDGE.DAT#0
PAIR	BATTLE_START_CAPTION/btl_yakuza.dat	0	BATTLE_START_CAPTION/BTL_YAKUZA.DAT	0	BATTLE_START_CAPTION/BTL_YAKUZA.DAT#0<->BATTLE_START_CAPTION/BTL_YAKUZA.DAT#0
PAIR	BATTLE_START_CAPTION/b_king_zenmetu.dat	0	BATTLE_START_CAPTION/B_KING_ZENMETU.DAT	0	BATTLE_START_CAPTION/B_KING_ZENMETU.DAT#0<->BATTLE_START_CAPTION/B_KING_ZENMETU.DAT#0
PAIR	BATTLE_START_CAPTION/col_burning_1.dat	0	BATTLE_START_CAPTION/COL_BURNING_1.DAT	0	BATTLE_START_CAPTION/COL_BURNING_1.DAT#0<->BATTLE_START_CAPTION/COL_BURNING_1.DAT#0
PAIR	BATTLE_START_CAPTION/col_burning_2.dat	0	BATTLE_START_CAPTION/COL_BURNING_2.DAT	0	BATTLE_START_CAPTION/COL_BURNING_2.DAT#0<->BATTLE_START_CAPTION/COL_BURNING_2.DAT#0
PAIR	BATTLE_START_CAPTION/col_burning_final.dat	0	BATTLE_START_CAPTION/COL_BURNING_FINAL.DAT	0	BATTLE_START_CAPTION/COL_BURNING_FINAL.DAT#0<->BATTLE_START_CAPTION/COL_BURNING_FINAL.DAT#0
PAIR	BATTLE_START_CAPTION/col_exhibition_1.dat	0	BATTLE_START_CAPTION/COL_EXHIBITION_1.DAT	0	BATTLE_START_CAPTION/COL_EXHIBITION_1.DAT#0<->BATTLE_START_CAPTION/COL_EXHIBITION_1.DAT#0
PAIR	BATTLE_START_CAPTION/col_exhibition_2.dat	0	BATTLE_START_CAPTION/COL_EXHIBITION_2.DAT	0	BATTLE_START_CAPTION/COL_EXHIBITION_2.DAT#0<->BATTLE_START_CAPTION/COL_EXHIBITION_2.DAT#0
PAIR	BATTLE_START_CAPTION/col_exhibition_final.dat	0	BATTLE_START_CAPTION/COL_EXHIBITION_FINAL.DAT	0	BATTLE_START_CAPTION/COL_EXHIBITION_FINAL.DAT#0<->BATTLE_START_CAPTION/COL_EXHIBITION_FINAL.DAT#0
PAIR	BATTLE_START_CAPTION/col_hyper_t_1.dat	0	BATTLE_START_CAPTION/COL_HYPER_T_1.DAT	0	BATTLE_START_CAPTION/COL_HYPER_T_1.DAT#0<->BATTLE_START_CAPTION/COL_HYPER_T_1.DAT#0
PAIR	BATTLE_START_CAPTION/col_hyper_t_2.dat	0	BATTLE_START_CAPTION/COL_HYPER_T_2.DAT	0	BATTLE_START_CAPTION/COL_HYPER_T_2.DAT#0<->BATTLE_START_CAPTION/COL_HYPER_T_2.DAT#0
PAIR	BATTLE_START_CAPTION/col_hyper_t_final.dat	0	BATTLE_START_CAPTION/COL_HYPER_T_FINAL.DAT	0	BATTLE_START_CAPTION/COL_HYPER_T_FINAL.DAT#0<->BATTLE_START_CAPTION/COL_HYPER_T_FINAL.DAT#0
PAIR	BATTLE_START_CAPTION/col_hyper_t_open_1.dat	0	BATTLE_START_CAPTION/COL_HYPER_T_OPEN_1.DAT	0	BATTLE_START_CAPTION/COL_HYPER_T_OPEN_1.DAT#0<->BATTLE_START_CAPTION/COL_HYPER_T_OPEN_1.DAT#0
PAIR	BATTLE_START_CAPTION/col_hyper_t_open_2.dat	0	BATTLE_START_CAPTION/COL_HYPER_T_OPEN_2.DAT	0	BATTLE_START_CAPTION/COL_HYPER_T_OPEN_2.DAT#0<->BATTLE_START_CAPTION/COL_HYPER_T_OPEN_2.DAT#0
PAIR	BATTLE_START_CAPTION/col_hyper_t_open_final.dat	0	BATTLE_START_CAPTION/COL_HYPER_T_OPEN_FINAL.DAT	0	BATTLE_START_CAPTION/COL_HYPER_T_OPEN_FINAL.DAT#0<->BATTLE_START_CAPTION/COL_HYPER_T_OPEN_FINAL.DAT#0
PAIR	BATTLE_START_CAPTION/col_macaroni_w_1.dat	0	BATTLE_START_CAPTION/COL_MACARONI_W_1.DAT	0	BATTLE_START_CAPTION/COL_MACARONI_W_1.DAT#0<->BATTLE_START_CAPTION/COL_MACARONI_W_1.DAT#0
PAIR	BATTLE_START_CAPTION/col_macaroni_w_2.dat	0	BATTLE_START_CAPTION/COL_MACARONI_W_2.DAT	0	BATTLE_START_CAPTION/COL_MACARONI_W_2.DAT#0<->BATTLE_START_CAPTION/COL_MACARONI_W_2.DAT#0
PAIR	BATTLE_START_CAPTION/col_macaroni_w_final.dat	0	BATTLE_START_CAPTION/COL_MACARONI_W_FINAL.DAT	0	BATTLE_START_CAPTION/COL_MACARONI_W_FINAL.DAT#0<->BATTLE_START_CAPTION/COL_MACARONI_W_FINAL.DAT#0
PAIR	BATTLE_START_CAPTION/col_magnum_f_1.dat	0	BATTLE_START_CAPTION/COL_MAGNUM_F_1.DAT	0	BATTLE_START_CAPTION/COL_MAGNUM_F_1.DAT#0<->BATTLE_START_CAPTION/COL_MAGNUM_F_1.DAT#0
PAIR	BATTLE_START_CAPTION/col_magnum_f_2.dat	0	BATTLE_START_CAPTION/COL_MAGNUM_F_2.DAT	0	BATTLE_START_CAPTION/COL_MAGNUM_F_2.DAT#0<->BATTLE_START_CAPTION/COL_MAGNUM_F_2.DAT#0
PAIR	BATTLE_START_CAPTION/col_magnum_f_final.dat	0	BATTLE_START_CAPTION/COL_MAGNUM_F_FINAL.DAT	0	BATTLE_START_CAPTION/COL_MAGNUM_F_FINAL.DAT#0<->BATTLE_START_CAPTION/COL_MAGNUM_F_FINAL.DAT#0
PAIR	BATTLE_START_CAPTION/col_nobushi_gp_1.dat	0	BATTLE_START_CAPTION/COL_NOBUSHI_GP_1.DAT	0	BATTLE_START_CAPTION/COL_NOBUSHI_GP_1.DAT#0<->BATTLE_START_CAPTION/COL_NOBUSHI_GP_1.DAT#0
PAIR	BATTLE_START_CAPTION/col_nobushi_gp_2.dat	0	BATTLE_START_CAPTION/COL_NOBUSHI_GP_2.DAT	0	BATTLE_START_CAPTION/COL_NOBUSHI_GP_2.DAT#0<->BATTLE_START_CAPTION/COL_NOBUSHI_GP_2.DAT#0
PAIR	BATTLE_START_CAPTION/col_nobushi_gp_final.dat	0	BATTLE_START_CAPTION/COL_NOBUSHI_GP_FINAL.DAT	0	BATTLE_START_CAPTION/COL_NOBUSHI_GP_FINAL.DAT#0<->BATTLE_START_CAPTION/COL_NOBUSHI_GP_FINAL.DAT#0
PAIR	BATTLE_START_CAPTION/col_revenge_1.dat	0	BATTLE_START_CAPTION/COL_REVENGE_1.DAT	0	BATTLE_START_CAPTION/COL_REVENGE_1.DAT#0<->BATTLE_START_CAPTION/COL_REVENGE_1.DAT#0
PAIR	BATTLE_START_CAPTION/col_revenge_2.dat	0	BATTLE_START_CAPTION/COL_REVENGE_2.DAT	0	BATTLE_START_CAPTION/COL_REVENGE_2.DAT#0<->BATTLE_START_CAPTION/COL_REVENGE_2.DAT#0
PAIR	BATTLE_START_CAPTION/col_revenge_final.dat	0	BATTLE_START_CAPTION/COL_REVENGE_FINAL.DAT	0	BATTLE_START_CAPTION/COL_REVENGE_FINAL.DAT#0<->BATTLE_START_CAPTION/COL_REVENGE_FINAL.DAT#0
PAIR	BATTLE_START_CAPTION/col_scorpion_1.dat	0	BATTLE_START_CAPTION/COL_SCORPION_1.DAT	0	BATTLE_START_CAPTION/COL_SCORPION_1.DAT#0<->BATTLE_START_CAPTION/COL_SCORPION_1.DAT#0
PAIR	BATTLE_START_CAPTION/col_scorpion_2.dat	0	BATTLE_START_CAPTION/COL_SCORPION_2.DAT	0	BATTLE_START_CAPTION/COL_SCORPION_2.DAT#0<->BATTLE_START_CAPTION/COL_SCORPION_2.DAT#0
PAIR	BATTLE_START_CAPTION/col_scorpion_final.dat	0	BATTLE_START_CAPTION/COL_SCORPION_FINAL.DAT	0	BATTLE_START_CAPTION/COL_SCORPION_FINAL.DAT#0<->BATTLE_START_CAPTION/COL_SCORPION_FINAL.DAT#0
PAIR	BATTLE_START_CAPTION/col_street_fight_1.dat	0	BATTLE_START_CAPTION/COL_STREET_FIGHT_1.DAT	0	BATTLE_START_CAPTION/COL_STREET_FIGHT_1.DAT#0<->BATTLE_START_CAPTION/COL_STREET_FIGHT_1.DAT#0
PAIR	BATTLE_START_CAPTION/col_street_fight_2.dat	0	BATTLE_START_CAPTION/COL_STREET_FIGHT_2.DAT	0	BATTLE_START_CAPTION/COL_STREET_FIGHT_2.DAT#0<->BATTLE_START_CAPTION/COL_STREET_FIGHT_2.DAT#0
PAIR	BATTLE_START_CAPTION/col_street_fight_final.dat	0	BATTLE_START_CAPTION/COL_STREET_FIGHT_FINAL.DAT	0	BATTLE_START_CAPTION/COL_STREET_FIGHT_FINAL.DAT#0<->BATTLE_START_CAPTION/COL_STREET_FIGHT_FINAL.DAT#0
PAIR	BATTLE_START_CAPTION/daniel_feldman.dat	0	BATTLE_START_CAPTION/DANIEL_FELDMAN.DAT	0	BATTLE_START_CAPTION/DANIEL_FELDMAN.DAT#0<->BATTLE_START_CAPTION/DANIEL_FELDMAN.DAT#0
PAIR	BATTLE_START_CAPTION/gaowaiyan_pramuc.dat	0	BATTLE_START_CAPTION/GAOWAIYAN_PRAMUC.DAT	0	BATTLE_START_CAPTION/GAOWAIYAN_PRAMUC.DAT#0<->BATTLE_START_CAPTION/GAOWAIYAN_PRAMUC.DAT#0
PAIR	BATTLE_START_CAPTION/gary_bastard_holmes.dat	0	BATTLE_START_CAPTION/GARY_BASTARD_HOLMES.DAT	0	BATTLE_START_CAPTION/GARY_BASTARD_HOLMES.DAT#0<->BATTLE_START_CAPTION/GARY_BASTARD_HOLMES.DAT#0
PAIR	BATTLE_START_CAPTION/hayashi.dat	0	BATTLE_START_CAPTION/HAYASHI.DAT	0	BATTLE_START_CAPTION/HAYASHI.DAT#0<->BATTLE_START_CAPTION/HAYASHI.DAT#0
PAIR	BATTLE_START_CAPTION/honbu_shoumen_mezase.dat	0	BATTLE_START_CAPTION/HONBU_SHOUMEN_MEZASE.DAT	0	BATTLE_START_CAPTION/HONBU_SHOUMEN_MEZASE.DAT#0<->BATTLE_START_CAPTION/HONBU_SHOUMEN_MEZASE.DAT#0
PAIR	BATTLE_START_CAPTION/kabukicho_man.dat	0	BATTLE_START_CAPTION/KABUKICHO_MAN.DAT	0	BATTLE_START_CAPTION/KABUKICHO_MAN.DAT#0<->BATTLE_START_CAPTION/KABUKICHO_MAN.DAT#0
PAIR	BATTLE_START_CAPTION/kazamagumi_zenmetu.dat	0	BATTLE_START_CAPTION/KAZAMAGUMI_ZENMETU.DAT	0	BATTLE_START_CAPTION/KAZAMAGUMI_ZENMETU.DAT#0<->BATTLE_START_CAPTION/KAZAMAGUMI_ZENMETU.DAT#0
PAIR	BATTLE_START_CAPTION/kenkaya.dat	0	BATTLE_START_CAPTION/KENKAYA.DAT	0	BATTLE_START_CAPTION/KENKAYA.DAT#0<->BATTLE_START_CAPTION/KENKAYA.DAT#0
PAIR	BATTLE_START_CAPTION/kohda_wo_gekiha.dat	0	BATTLE_START_CAPTION/KOHDA_WO_GEKIHA.DAT	0	BATTLE_START_CAPTION/KOHDA_WO_GEKIHA.DAT#0<->BATTLE_START_CAPTION/KOHDA_WO_GEKIHA.DAT#0
PAIR	BATTLE_START_CAPTION/korosiya_wo_gekiha.dat	0	BATTLE_START_CAPTION/KOROSIYA_WO_GEKIHA.DAT	0	BATTLE_START_CAPTION/KOROSIYA_WO_GEKIHA.DAT#0<->BATTLE_START_CAPTION/KOROSIYA_WO_GEKIHA.DAT#0
PAIR	BATTLE_START_CAPTION/majima.dat	0	BATTLE_START_CAPTION/MAJIMA.DAT	0	BATTLE_START_CAPTION/MAJIMA.DAT#0<->BATTLE_START_CAPTION/MAJIMA.DAT#0
PAIR	BATTLE_START_CAPTION/majimagumi_kouseiin.dat	0	BATTLE_START_CAPTION/MAJIMAGUMI_KOUSEIIN.DAT	0	BATTLE_START_CAPTION/MAJIMAGUMI_KOUSEIIN.DAT#0<->BATTLE_START_CAPTION/MAJIMAGUMI_KOUSEIIN.DAT#0
PAIR	BATTLE_START_CAPTION/mati_furyou.dat	0	BATTLE_START_CAPTION/MATI_FURYOU.DAT	0	BATTLE_START_CAPTION/MATI_FURYOU.DAT#0<->BATTLE_START_CAPTION/MATI_FURYOU.DAT#0
PAIR	BATTLE_START_CAPTION/mati_tinpira_zenmetu.dat	0	BATTLE_START_CAPTION/MATI_TINPIRA_ZENMETU.DAT	0	BATTLE_START_CAPTION/MATI_TINPIRA_ZENMETU.DAT#0<->BATTLE_START_CAPTION/MATI_TINPIRA_ZENMETU.DAT#0
PAIR	BATTLE_START_CAPTION/nazo_no_soshiki.dat	0	BATTLE_START_CAPTION/NAZO_NO_SOSHIKI.DAT	0	BATTLE_START_CAPTION/NAZO_NO_SOSHIKI.DAT#0<->BATTLE_START_CAPTION/NAZO_NO_SOSHIKI.DAT#0
PAIR	BATTLE_START_CAPTION/nisikiyamagumi_zenmetu.dat	0	BATTLE_START_CAPTION/NISIKIYAMAGUMI_ZENMETU.DAT	0	BATTLE_START_CAPTION/NISIKIYAMAGUMI_ZENMETU.DAT#0<->BATTLE_START_CAPTION/NISIKIYAMAGUMI_ZENMETU.DAT#0
PAIR	BATTLE_START_CAPTION/oumirengou_kouseiin.dat	0	BATTLE_START_CAPTION/OUMIRENGOU_KOUSEIIN.DAT	0	BATTLE_START_CAPTION/OUMIRENGOU_KOUSEIIN.DAT#0<->BATTLE_START_CAPTION/OUMIRENGOU_KOUSEIIN.DAT#0
PAIR	BATTLE_START_CAPTION/sai_no_kawara_junin.dat	0	BATTLE_START_CAPTION/SAI_NO_KAWARA_JUNIN.DAT	0	BATTLE_START_CAPTION/SAI_NO_KAWARA_JUNIN.DAT#0<->BATTLE_START_CAPTION/SAI_NO_KAWARA_JUNIN.DAT#0
PAIR	BATTLE_START_CAPTION/shimano.dat	0	BATTLE_START_CAPTION/SHIMANO.DAT	0	BATTLE_START_CAPTION/SHIMANO.DAT#0<->BATTLE_START_CAPTION/SHIMANO.DAT#0
PAIR	BATTLE_START_CAPTION/shimanogumi_kouseiin.dat	0	BATTLE_START_CAPTION/SHIMANOGUMI_KOUSEIIN.DAT	0	BATTLE_START_CAPTION/SHIMANOGUMI_KOUSEIIN.DAT#0<->BATTLE_START_CAPTION/SHIMANOGUMI_KOUSEIIN.DAT#0
PAIR	BATTLE_START_CAPTION/shindou.dat	0	BATTLE_START_CAPTION/SHINDOU.DAT	0	BATTLE_START_CAPTION/SHINDOU.DAT#0<->BATTLE_START_CAPTION/SHINDOU.DAT#0
PAIR	BATTLE_START_CAPTION/shouta.dat	0	BATTLE_START_CAPTION/SHOUTA.DAT	0	BATTLE_START_CAPTION/SHOUTA.DAT#0<->BATTLE_START_CAPTION/SHOUTA.DAT#0
PAIR	BATTLE_START_CAPTION/sinji_no_tokoroe_mukae.dat	0	BATTLE_START_CAPTION/SINJI_NO_TOKOROE_MUKAE.DAT	0	BATTLE_START_CAPTION/SINJI_NO_TOKOROE_MUKAE.DAT#0<->BATTLE_START_CAPTION/SINJI_NO_TOKOROE_MUKAE.DAT#0
PAIR	BATTLE_START_CAPTION/sinji_wo_sousaku_seyo.dat	0	BATTLE_START_CAPTION/SINJI_WO_SOUSAKU_SEYO.DAT	0	BATTLE_START_CAPTION/SINJI_WO_SOUSAKU_SEYO.DAT#0<->BATTLE_START_CAPTION/SINJI_WO_SOUSAKU_SEYO.DAT#0
PAIR	BATTLE_START_CAPTION/takashi_wo_gekiha.dat	0	BATTLE_START_CAPTION/TAKASHI_WO_GEKIHA.DAT	0	BATTLE_START_CAPTION/TAKASHI_WO_GEKIHA.DAT#0<->BATTLE_START_CAPTION/TAKASHI_WO_GEKIHA.DAT#0
PAIR	BATTLE_START_CAPTION/tiimaa.dat	0	BATTLE_START_CAPTION/TIIMAA.DAT	0	BATTLE_START_CAPTION/TIIMAA.DAT#0<->BATTLE_START_CAPTION/TIIMAA.DAT#0
PAIR	BATTLE_START_CAPTION/toba_youjinbou_zenmetu.dat	0	BATTLE_START_CAPTION/TOBA_YOUJINBOU_ZENMETU.DAT	0	BATTLE_START_CAPTION/TOBA_YOUJINBOU_ZENMETU.DAT#0<->BATTLE_START_CAPTION/TOBA_YOUJINBOU_ZENMETU.DAT#0
PAIR	BATTLE_START_CAPTION/toujoukai_kouseiin.dat	0	BATTLE_START_CAPTION/TOUJOUKAI_KOUSEIIN.DAT	0	BATTLE_START_CAPTION/TOUJOUKAI_KOUSEIIN.DAT#0<->BATTLE_START_CAPTION/TOUJOUKAI_KOUSEIIN.DAT#0
PAIR	BATTLE_START_CAPTION/yuuya.dat	0	BATTLE_START_CAPTION/YUUYA.DAT	0	BATTLE_START_CAPTION/YUUYA.DAT#0<->BATTLE_START_CAPTION/YUUYA.DAT#0
PAIR	Cse/JPN/CSE_ADV.DAT	0	CSE/SPA/CSE_ADV.DAT	0	CSE/JPN/CSE_ADV.DAT#0<->CSE/SPA/CSE_ADV.DAT#0
PAIR	Cse/JPN/CSE_ADV.DAT	1	CSE/SPA/CSE_ADV.DAT	1	CSE/JPN/CSE_ADV.DAT#1<->CSE/SPA/CSE_ADV.DAT#1
PS3_ONLY	Cse/JPN/CSE_ADV.DAT	2			
PS3_ONLY	Cse/JPN/CSE_ADV.DAT	3			
PS3_ONLY	Cse/JPN/CSE_ADV.DAT	4			
PS3_ONLY	Cse/JPN/CSE_ADV.DAT	5			
PAIR	Cse/JPN/CSE_AGITO_ITEM.DAT	0	CSE/SPA/CSE_AGITO_ITEM.DAT	0	CSE/JPN/CSE_AGITO_ITEM.DAT#0<->CSE/SPA/CSE_AGITO_ITEM.DAT#0
PAIR	Cse/JPN/CSE_AGITO_MAIN.DAT	0	CSE/SPA/CSE_AGITO_MAIN.DAT	0	CSE/JPN/CSE_AGITO_MAIN.DAT#0<->CSE/SPA/CSE_AGITO_MAIN.DAT#0
PS3_ONLY	Cse/JPN/CSE_AGITO_MAIN.DAT	1			
PS3_ONLY	Cse/JPN/CSE_AGITO_MAIN.DAT	2			
PAIR	Cse/JPN/CSE_AGITO_MAIN.DAT	3	CSE/SPA/CSE_AGITO_MAIN.DAT	3	CSE/JPN/CSE_AGITO_MAIN.DAT#3<->CSE/SPA/CSE_AGITO_MAIN.DAT#3
PAIR	Cse/JPN/CSE_AGITO_MAIN.DAT	4	CSE/SPA/CSE_AGITO_MAIN.DAT	4	CSE/JPN/CSE_AGITO_MAIN.DAT#4<->CSE/SPA/CSE_AGITO_MAIN.DAT#4
PAIR	Cse/JPN/CSE_AGITO_MAIN.DAT	5	CSE/SPA/CSE_AGITO_MAIN.DAT	5	CSE/JPN/CSE_AGITO_MAIN.DAT#5<->CSE/SPA/CSE_AGITO_MAIN.DAT#5
PAIR	Cse/JPN/CSE_AGITO_MOVIE.DAT	0	CSE/SPA/CSE_AGITO_MOVIE.DAT	0	CSE/JPN/CSE_AGITO_MOVIE.DAT#0<->CSE/SPA/CSE_AGITO_MOVIE.DAT#0
PAIR	Cse/JPN/CSE_BACCARA.DAT	0	CSE/SPA/CSE_BACCARA.DAT	0	CSE/JPN/CSE_BACCARA.DAT#0<->CSE/SPA/CSE_BACCARA.DAT#0
PS3_ONLY	Cse/JPN/CSE_BACCARA.DAT	1			
PS3_ONLY	Cse/JPN/CSE_BACCARA.DAT	2			
PS3_ONLY	Cse/JPN/CSE_BACCARA.DAT	3			
PAIR	Cse/JPN/CSE_BACCARA.DAT	4	CSE/SPA/CSE_BACCARA.DAT	4	CSE/JPN/CSE_BACCARA.DAT#4<->CSE/SPA/CSE_BACCARA.DAT#4
PS3_ONLY	Cse/JPN/CSE_BATTING.DAT	0			
PAIR	Cse/JPN/CSE_BATTING.DAT	1	CSE/SPA/CSE_BATTING.DAT	1	CSE/JPN/CSE_BATTING.DAT#1<->CSE/SPA/CSE_BATTING.DAT#1
PS3_ONLY	Cse/JPN/CSE_BATTING.DAT	2			
PAIR	Cse/JPN/CSE_BATTING.DAT	3	CSE/SPA/CSE_BATTING.DAT	3	CSE/JPN/CSE_BATTING.DAT#3<->CSE/SPA/CSE_BATTING.DAT#3
PAIR	Cse/JPN/CSE_BLACKJACK.DAT	0	CSE/SPA/CSE_BLACKJACK.DAT	0	CSE/JPN/CSE_BLACKJACK.DAT#0<->CSE/SPA/CSE_BLACKJACK.DAT#0
PS3_ONLY	Cse/JPN/CSE_BLACKJACK.DAT	1			
PS3_ONLY	Cse/JPN/CSE_BLACKJACK.DAT	2			
PS3_ONLY	Cse/JPN/CSE_BLACKJACK.DAT	3			
PAIR	Cse/JPN/CSE_BLACKJACK.DAT	4	CSE/SPA/CSE_BLACKJACK.DAT	4	CSE/JPN/CSE_BLACKJACK.DAT#4<->CSE/SPA/CSE_BLACKJACK.DAT#4
PAIR	Cse/JPN/CSE_BTL.DAT	0	CSE/SPA/CSE_BTL.DAT	0	CSE/JPN/CSE_BTL.DAT#0<->CSE/SPA/CSE_BTL.DAT#0
PAIR	Cse/JPN/CSE_BTL.DAT	1	CSE/SPA/CSE_BTL.DAT	1	CSE/JPN/CSE_BTL.DAT#1<->CSE/SPA/CSE_BTL.DAT#1
PS3_ONLY	Cse/JPN/CSE_BTL.DAT	2			
PS3_ONLY	Cse/JPN/CSE_BTL.DAT	3			
PS3_ONLY	Cse/JPN/CSE_BTL.DAT	4			
PS3_ONLY	Cse/JPN/CSE_BTL.DAT	5			
PAIR	Cse/JPN/CSE_BTL.DAT	6	CSE/SPA/CSE_BTL.DAT	6	CSE/JPN/CSE_BTL.DAT#6<->CSE/SPA/CSE_BTL.DAT#6
PAIR	Cse/JPN/CSE_CABA.DAT	0	CSE/SPA/CSE_CABA.DAT	0	CSE/JPN/CSE_CABA.DAT#0<->CSE/SPA/CSE_CABA.DAT#0
PAIR	Cse/JPN/CSE_CABA.DAT	1	CSE/SPA/CSE_CABA.DAT	1	CSE/JPN/CSE_CABA.DAT#1<->CSE/SPA/CSE_CABA.DAT#1
PAIR	Cse/JPN/CSE_CARCHASE.DAT	0	CSE/SPA/CSE_CARCHASE.DAT	0	CSE/JPN/CSE_CARCHASE.DAT#0<->CSE/SPA/CSE_CARCHASE.DAT#0
PS3_ONLY	Cse/JPN/CSE_CARCHASE.DAT	1			
PAIR	Cse/JPN/CSE_CARCHASE.DAT	2	CSE/SPA/CSE_CARCHASE.DAT	2	CSE/JPN/CSE_CARCHASE.DAT#2<->CSE/SPA/CSE_CARCHASE.DAT#2
PS3_ONLY	Cse/JPN/CSE_CARCHASE.DAT	3			
PAIR	Cse/JPN/CSE_CARCHASE.DAT	4	CSE/SPA/CSE_CARCHASE.DAT	4	CSE/JPN/CSE_CARCHASE.DAT#4<->CSE/SPA/CSE_CARCHASE.DAT#4
PS3_ONLY	Cse/JPN/CSE_CMD_ADV.DAT	0			
PS3_ONLY	Cse/JPN/CSE_CMD_ADV.DAT	1			
PS3_ONLY	Cse/JPN/CSE_CMD_BTL.DAT	0			
PS3_ONLY	Cse/JPN/CSE_CMD_BTL.DAT	1			
PS3_ONLY	Cse/JPN/CSE_CMD_PM.DAT	0			
PS3_ONLY	Cse/JPN/CSE_CMD_PM.DAT	1			
PAIR	Cse/JPN/CSE_COLO.DAT	0	CSE/SPA/CSE_COLO.DAT	0	CSE/JPN/CSE_COLO.DAT#0<->CSE/SPA/CSE_COLO.DAT#0
PS3_ONLY	Cse/JPN/CSE_COLO_EXP.DAT	0			
PS3_ONLY	Cse/JPN/CSE_CONTINUE.DAT	0			
PS3_ONLY	Cse/JPN/CSE_CONTINUE.DAT	1			
PS3_ONLY	Cse/JPN/CSE_CONTINUE.DAT	2			
PS3_ONLY	Cse/JPN/CSE_CONTINUE.DAT	3			
PAIR	Cse/JPN/CSE_CONTINUE.DAT	4	CSE/SPA/CSE_CONTINUE.DAT	4	CSE/JPN/CSE_CONTINUE.DAT#4<->CSE/SPA/CSE_CONTINUE.DAT#4
PS3_ONLY	Cse/JPN/CSE_ENDING.DAT	0			
PS3_ONLY	Cse/JPN/CSE_FACE_DATE.DAT	0			
PS3_ONLY	Cse/JPN/CSE_FACE_HANAYA.DAT	0			
PS3_ONLY	Cse/JPN/CSE_FACE_MOGUSA.DAT	0			
PS3_ONLY	Cse/JPN/CSE_FACE_NONE.DAT	0			
PS3_ONLY	Cse/JPN/CSE_FACE_RENA.DAT	0			
PS3_ONLY	Cse/JPN/CSE_FACE_SHINJI.DAT	0			
PS3_ONLY	Cse/JPN/CSE_FACE_TEST.DAT	0			
PS3_ONLY	Cse/JPN/CSE_FACE_YUYA.DAT	0			
PAIR	Cse/JPN/CSE_FOCUS.DAT	0	CSE/SPA/CSE_FOCUS.DAT	0	CSE/JPN/CSE_FOCUS.DAT#0<->CSE/SPA/CSE_FOCUS.DAT#0
PAIR	Cse/JPN/CSE_GAMEOVER.DAT	0	CSE/SPA/CSE_GAMEOVER.DAT	0	CSE/JPN/CSE_GAMEOVER.DAT#0<->CSE/SPA/CSE_GAMEOVER.DAT#0
PS3_ONLY	Cse/JPN/CSE_HDD_MENU.DAT	0			
PAIR	Cse/JPN/CSE_HELTH.DAT	0	CSE/SPA/CSE_HELTH.DAT	0	CSE/JPN/CSE_HELTH.DAT#0<->CSE/SPA/CSE_HELTH.DAT#0
PS3_ONLY	Cse/JPN/CSE_HELTH.DAT	1			
PAIR	Cse/JPN/CSE_HELTH.DAT	2	CSE/SPA/CSE_HELTH.DAT	2	CSE/JPN/CSE_HELTH.DAT#2<->CSE/SPA/CSE_HELTH.DAT#2
PS3_ONLY	Cse/JPN/CSE_INSTALL.DAT	0			
PS3_ONLY	Cse/JPN/CSE_KIWAMI.DAT	0			
PS3_ONLY	Cse/JPN/CSE_KIWAMI.DAT	1			
PAIR	Cse/JPN/CSE_KIWAMI.DAT	2	CSE/SPA/CSE_KIWAMI.DAT	2	CSE/JPN/CSE_KIWAMI.DAT#2<->CSE/SPA/CSE_KIWAMI.DAT#2
PAIR	Cse/JPN/CSE_KIWAMI.DAT	3	CSE/SPA/CSE_KIWAMI.DAT	3	CSE/JPN/CSE_KIWAMI.DAT#3<->CSE/SPA/CSE_KIWAMI.DAT#3
PS3_ONLY	Cse/JPN/CSE_LAUNCHER_MAIN.DAT	0			
PS3_ONLY	Cse/JPN/CSE_LAUNCHER_SPECIAL.DAT	0			
PAIR	Cse/JPN/CSE_MEMCARD.DAT	0	CSE/SPA/CSE_MEMCARD.DAT	0	CSE/JPN/CSE_MEMCARD.DAT#0<->CSE/SPA/CSE_MEMCARD.DAT#0
PAIR	Cse/JPN/CSE_MISSION.DAT	0	CSE/SPA/CSE_MISSION.DAT	0	CSE/JPN/CSE_MISSION.DAT#0<->CSE/SPA/CSE_MISSION.DAT#0
PAIR	Cse/JPN/CSE_ODDOREVEN.DAT	0	CSE/SPA/CSE_ODDOREVEN.DAT	0	CSE/JPN/CSE_ODDOREVEN.DAT#0<->CSE/SPA/CSE_ODDOREVEN.DAT#0
PS3_ONLY	Cse/JPN/CSE_ODDOREVEN.DAT	1			
PAIR	Cse/JPN/CSE_ODDOREVEN.DAT	2	CSE/SPA/CSE_ODDOREVEN.DAT	2	CSE/JPN/CSE_ODDOREVEN.DAT#2<->CSE/SPA/CSE_ODDOREVEN.DAT#2
PS3_ONLY	Cse/JPN/CSE_OPTION.DAT	0			
PS3_ONLY	Cse/JPN/CSE_OPTION.DAT	1			
PS3_ONLY	Cse/JPN/CSE_OPTION.DAT	2			
PAIR	Cse/JPN/CSE_OPTION.DAT	3	CSE/SPA/CSE_OPTION.DAT	2	CSE/JPN/CSE_OPTION.DAT#3<->CSE/SPA/CSE_OPTION.DAT#2
PS3_ONLY	Cse/JPN/CSE_PM_SCRSETTING.DAT	0			
PAIR	Cse/JPN/CSE_ROLETTE.DAT	0	CSE/SPA/CSE_ROLETTE.DAT	0	CSE/JPN/CSE_ROLETTE.DAT#0<->CSE/SPA/CSE_ROLETTE.DAT#0
PS3_ONLY	Cse/JPN/CSE_ROLETTE.DAT	1			
PS3_ONLY	Cse/JPN/CSE_ROLETTE.DAT	2			
PS3_ONLY	Cse/JPN/CSE_ROLETTE.DAT	3			
PAIR	Cse/JPN/CSE_ROLETTE.DAT	4	CSE/SPA/CSE_ROLETTE.DAT	4	CSE/JPN/CSE_ROLETTE.DAT#4<->CSE/SPA/CSE_ROLETTE.DAT#4
PS3_ONLY	Cse/JPN/CSE_ROULETTE.DAT	0			
PS3_ONLY	Cse/JPN/CSE_ROULETTE.DAT	1			
PS3_ONLY	Cse/JPN/CSE_ROULETTE.DAT	2			
PS3_ONLY	Cse/JPN/CSE_SCRSETTING.DAT	0			
PS3_ONLY	Cse/JPN/CSE_SCRSETTING.DAT	1			
PS3_ONLY	Cse/JPN/CSE_SCRSETTING.DAT	2			
PS3_ONLY	Cse/JPN/CSE_SEGA.DAT	0			
PAIR	Cse/JPN/CSE_SHOP.DAT	0	CSE/SPA/CSE_SHOP.DAT	0	CSE/JPN/CSE_SHOP.DAT#0<->CSE/SPA/CSE_SHOP.DAT#0
PAIR	Cse/JPN/CSE_SHOP.DAT	1	CSE/SPA/CSE_SHOP.DAT	1	CSE/JPN/CSE_SHOP.DAT#1<->CSE/SPA/CSE_SHOP.DAT#1
PS3_ONLY	Cse/JPN/CSE_SLOT.DAT	0			
PAIR	Cse/JPN/CSE_SLOT.DAT	1	CSE/SPA/CSE_SLOT.DAT	1	CSE/JPN/CSE_SLOT.DAT#1<->CSE/SPA/CSE_SLOT.DAT#1
PS3_ONLY	Cse/JPN/CSE_SLOT.DAT	2			
PAIR	Cse/JPN/CSE_SLOT.DAT	3	CSE/SPA/CSE_SLOT.DAT	3	CSE/JPN/CSE_SLOT.DAT#3<->CSE/SPA/CSE_SLOT.DAT#3
PAIR	Cse/JPN/CSE_SLOT.DAT	4	CSE/SPA/CSE_SLOT.DAT	4	CSE/JPN/CSE_SLOT.DAT#4<->CSE/SPA/CSE_SLOT.DAT#4
PAIR	Cse/JPN/CSE_STAY.DAT	0	CSE/SPA/CSE_STAY.DAT	0	CSE/JPN/CSE_STAY.DAT#0<->CSE/SPA/CSE_STAY.DAT#0
PAIR	Cse/JPN/CSE_STAY.DAT	1	CSE/SPA/CSE_STAY.DAT	1	CSE/JPN/CSE_STAY.DAT#1<->CSE/SPA/CSE_STAY.DAT#1
PS3_ONLY	Cse/JPN/CSE_SYSSETTING.DAT	0			
PAIR	Cse/JPN/CSE_TEST.DAT	0	CSE/SPA/CSE_TEST.DAT	0	CSE/JPN/CSE_TEST.DAT#0<->CSE/SPA/CSE_TEST.DAT#0
PAIR	Cse/JPN/CSE_TEST.DAT	1	CSE/SPA/CSE_TEST.DAT	1	CSE/JPN/CSE_TEST.DAT#1<->CSE/SPA/CSE_TEST.DAT#1
PAIR	Cse/JPN/CSE_TEST.DAT	2	CSE/SPA/CSE_TEST.DAT	2	CSE/JPN/CSE_TEST.DAT#2<->CSE/SPA/CSE_TEST.DAT#2
PS3_ONLY	Cse/JPN/CSE_TITLE.DAT	0			
PS3_ONLY	Cse/JPN/CSE_TITLE.DAT	1			
PS3_ONLY	Cse/JPN/CSE_TITLE.DAT	2			
PS3_ONLY	Cse/JPN/CSE_TITLE.DAT	3			
PS3_ONLY	Cse/JPN/CSE_TITLE.DAT	4			
PS3_ONLY	Cse/JPN/CSE_TITLE.DAT	5			
PS3_ONLY	Cse/JPN/CSE_UFO.DAT	0			
PAIR	Cse/JPN/CSE_UFO.DAT	1	CSE/SPA/CSE_UFO.DAT	1	CSE/JPN/CSE_UFO.DAT#1<->CSE/SPA/CSE_UFO.DAT#1
PS3_ONLY	Cse/JPN/CSE_UFO.DAT	2			
PAIR	Cse/JPN/CSE_UFO.DAT	3	CSE/SPA/CSE_UFO.DAT	3	CSE/JPN/CSE_UFO.DAT#3<->CSE/SPA/CSE_UFO.DAT#3
PAIR	Cse/JPN/CSE_UFO.DAT	4	CSE/SPA/CSE_UFO.DAT	4	CSE/JPN/CSE_UFO.DAT#4<->CSE/SPA/CSE_UFO.DAT#4
PAIR	Introduction/arase.dat	0	INTRODUCTION/ARASE.DAT	0	INTRODUCTION/ARASE.DAT#0<->INTRODUCTION/ARASE.DAT#0
PAIR	Introduction/arase.dat	1	INTRODUCTION/ARASE.DAT	1	INTRODUCTION/ARASE.DAT#1<->INTRODUCTION/ARASE.DAT#1
PAIR	Introduction/arase.dat	2	INTRODUCTION/ARASE.DAT	2	INTRODUCTION/ARASE.DAT#2<->INTRODUCTION/ARASE.DAT#2
PAIR	Introduction/c13_005_fight_shinji.dat	0	INTRODUCTION/C13_005_FIGHT_SHINJI.DAT	0	INTRODUCTION/C13_005_FIGHT_SHINJI.DAT#0<->INTRODUCTION/C13_005_FIGHT_SHINJI.DAT#0
PAIR	Introduction/c13_005_fight_shinji.dat	1	INTRODUCTION/C13_005_FIGHT_SHINJI.DAT	1	INTRODUCTION/C13_005_FIGHT_SHINJI.DAT#1<->INTRODUCTION/C13_005_FIGHT_SHINJI.DAT#1
PAIR	Introduction/c1_s05_talk_with_sinji.dat	0	INTRODUCTION/C1_S05_TALK_WITH_SINJI.DAT	0	INTRODUCTION/C1_S05_TALK_WITH_SINJI.DAT#0<->INTRODUCTION/C1_S05_TALK_WITH_SINJI.DAT#0
PAIR	Introduction/c1_s05_talk_with_sinji.dat	1	INTRODUCTION/C1_S05_TALK_WITH_SINJI.DAT	1	INTRODUCTION/C1_S05_TALK_WITH_SINJI.DAT#1<->INTRODUCTION/C1_S05_TALK_WITH_SINJI.DAT#1
PAIR	Introduction/c1_s05_talk_with_sinji.dat	2	INTRODUCTION/C1_S05_TALK_WITH_SINJI.DAT	2	INTRODUCTION/C1_S05_TALK_WITH_SINJI.DAT#2<->INTRODUCTION/C1_S05_TALK_WITH_SINJI.DAT#2
PAIR	Introduction/c1_s05_talk_with_sinji.dat	3	INTRODUCTION/C1_S05_TALK_WITH_SINJI.DAT	3	INTRODUCTION/C1_S05_TALK_WITH_SINJI.DAT#3<->INTRODUCTION/C1_S05_TALK_WITH_SINJI.DAT#3
PAIR	Introduction/c1_s09_majima_appears.dat	0	INTRODUCTION/C1_S09_MAJIMA_APPEARS.DAT	0	INTRODUCTION/C1_S09_MAJIMA_APPEARS.DAT#0<->INTRODUCTION/C1_S09_MAJIMA_APPEARS.DAT#0
PAIR	Introduction/c1_s09_majima_appears.dat	1	INTRODUCTION/C1_S09_MAJIMA_APPEARS.DAT	1	INTRODUCTION/C1_S09_MAJIMA_APPEARS.DAT#1<->INTRODUCTION/C1_S09_MAJIMA_APPEARS.DAT#1
PAIR	Introduction/c1_s10_talk_with_friends.dat	0	INTRODUCTION/C1_S10_TALK_WITH_FRIENDS.DAT	0	INTRODUCTION/C1_S10_TALK_WITH_FRIENDS.DAT#0<->INTRODUCTION/C1_S10_TALK_WITH_FRIENDS.DAT#0
PAIR	Introduction/c1_s10_talk_with_friends.dat	1	INTRODUCTION/C1_S10_TALK_WITH_FRIENDS.DAT	1	INTRODUCTION/C1_S10_TALK_WITH_FRIENDS.DAT#1<->INTRODUCTION/C1_S10_TALK_WITH_FRIENDS.DAT#1
PAIR	Introduction/c1_s12_talk_with_kazama.dat	0	INTRODUCTION/C1_S12_TALK_WITH_KAZAMA.DAT	0	INTRODUCTION/C1_S12_TALK_WITH_KAZAMA.DAT#0<->INTRODUCTION/C1_S12_TALK_WITH_KAZAMA.DAT#0
PAIR	Introduction/c1_s12_talk_with_kazama.dat	1	INTRODUCTION/C1_S12_TALK_WITH_KAZAMA.DAT	1	INTRODUCTION/C1_S12_TALK_WITH_KAZAMA.DAT#1<->INTRODUCTION/C1_S12_TALK_WITH_KAZAMA.DAT#1
PAIR	Introduction/c1_s12_talk_with_kazama.dat	2	INTRODUCTION/C1_S12_TALK_WITH_KAZAMA.DAT	2	INTRODUCTION/C1_S12_TALK_WITH_KAZAMA.DAT#2<->INTRODUCTION/C1_S12_TALK_WITH_KAZAMA.DAT#2
PAIR	Introduction/c1_s12_talk_with_kazama.dat	3	INTRODUCTION/C1_S12_TALK_WITH_KAZAMA.DAT	3	INTRODUCTION/C1_S12_TALK_WITH_KAZAMA.DAT#3<->INTRODUCTION/C1_S12_TALK_WITH_KAZAMA.DAT#3
PAIR	Introduction/c1_s15_investigation.dat	0	INTRODUCTION/C1_S15_INVESTIGATION.DAT	0	INTRODUCTION/C1_S15_INVESTIGATION.DAT#0<->INTRODUCTION/C1_S15_INVESTIGATION.DAT#0
PAIR	Introduction/c1_s15_investigation.dat	1	INTRODUCTION/C1_S15_INVESTIGATION.DAT	1	INTRODUCTION/C1_S15_INVESTIGATION.DAT#1<->INTRODUCTION/C1_S15_INVESTIGATION.DAT#1
PAIR	Introduction/c3_s04_kazama_enter.dat	0	INTRODUCTION/C3_S04_KAZAMA_ENTER.DAT	0	INTRODUCTION/C3_S04_KAZAMA_ENTER.DAT#0<->INTRODUCTION/C3_S04_KAZAMA_ENTER.DAT#0
PAIR	Introduction/c3_s04_kazama_enter.dat	1	INTRODUCTION/C3_S04_KAZAMA_ENTER.DAT	1	INTRODUCTION/C3_S04_KAZAMA_ENTER.DAT#1<->INTRODUCTION/C3_S04_KAZAMA_ENTER.DAT#1
PAIR	Introduction/c3_s05_sera_meeting.dat	0	INTRODUCTION/C3_S05_SERA_MEETING.DAT	0	INTRODUCTION/C3_S05_SERA_MEETING.DAT#0<->INTRODUCTION/C3_S05_SERA_MEETING.DAT#0
PAIR	Introduction/c3_s05_sera_meeting.dat	1	INTRODUCTION/C3_S05_SERA_MEETING.DAT	1	INTRODUCTION/C3_S05_SERA_MEETING.DAT#1<->INTRODUCTION/C3_S05_SERA_MEETING.DAT#1
PAIR	Introduction/c3_s05_sera_meeting.dat	2	INTRODUCTION/C3_S05_SERA_MEETING.DAT	2	INTRODUCTION/C3_S05_SERA_MEETING.DAT#2<->INTRODUCTION/C3_S05_SERA_MEETING.DAT#2
PAIR	Introduction/c3_s05_sera_meeting.dat	3	INTRODUCTION/C3_S05_SERA_MEETING.DAT	3	INTRODUCTION/C3_S05_SERA_MEETING.DAT#3<->INTRODUCTION/C3_S05_SERA_MEETING.DAT#3
PAIR	Introduction/c6_s09_attacked_by_oumi.dat	0	INTRODUCTION/C6_S09_ATTACKED_BY_OUMI.DAT	0	INTRODUCTION/C6_S09_ATTACKED_BY_OUMI.DAT#0<->INTRODUCTION/C6_S09_ATTACKED_BY_OUMI.DAT#0
PAIR	Introduction/c6_s09_attacked_by_oumi.dat	1	INTRODUCTION/C6_S09_ATTACKED_BY_OUMI.DAT	1	INTRODUCTION/C6_S09_ATTACKED_BY_OUMI.DAT#1<->INTRODUCTION/C6_S09_ATTACKED_BY_OUMI.DAT#1
PAIR	Introduction/shimano_majima.dat	0	INTRODUCTION/SHIMANO_MAJIMA.DAT	0	INTRODUCTION/SHIMANO_MAJIMA.DAT#0<->INTRODUCTION/SHIMANO_MAJIMA.DAT#0
PS3_ONLY	LAUNCHER/LAUNCHER_HG_WARNING.DAT	0			
PS3_ONLY	LAUNCHER/LAUNCHER_SEGA_LOGO.DAT	0			
PS3_ONLY	LAUNCHER/LAUNCHER_TEAM_LOGO.DAT	0			
PS3_ONLY	LAUNCHER/LAUNCHER_TRIAL_COMINGSOON.DAT	0			
PS3_ONLY	LAUNCHER/LAUNCHER_WARNING_LOGO.DAT	0			
PAIR	PAUSEMENU/BRI/pm_item.dat	0	PAUSEMENU/BRI/PM_ITEM.DAT	0	PAUSEMENU/BRI/PM_ITEM.DAT#0<->PAUSEMENU/BRI/PM_ITEM.DAT#0
PAIR	PAUSEMENU/BRI/pm_keitai.dat	0	PAUSEMENU/BRI/PM_KEITAI.DAT	0	PAUSEMENU/BRI/PM_KEITAI.DAT#0<->PAUSEMENU/BRI/PM_KEITAI.DAT#0
PAIR	PAUSEMENU/BRI/pm_main.dat	0	PAUSEMENU/BRI/PM_MAIN.DAT	0	PAUSEMENU/BRI/PM_MAIN.DAT#0<->PAUSEMENU/BRI/PM_MAIN.DAT#0
PAIR	PAUSEMENU/BRI/pm_map.dat	0	PAUSEMENU/BRI/PM_MAP.DAT	0	PAUSEMENU/BRI/PM_MAP.DAT#0<->PAUSEMENU/BRI/PM_MAP.DAT#0
PAIR	PAUSEMENU/BRI/pm_mission.dat	0	PAUSEMENU/BRI/PM_MISSION.DAT	0	PAUSEMENU/BRI/PM_MISSION.DAT#0<->PAUSEMENU/BRI/PM_MISSION.DAT#0
PAIR	PAUSEMENU/BRI/pm_soukanzu.dat	0	PAUSEMENU/BRI/PM_SOUKANZU.DAT	0	PAUSEMENU/BRI/PM_SOUKANZU.DAT#0<->PAUSEMENU/BRI/PM_SOUKANZU.DAT#0
PAIR	PAUSEMENU/BRI/pm_status.dat	0	PAUSEMENU/BRI/PM_STATUS.DAT	0	PAUSEMENU/BRI/PM_STATUS.DAT#0<->PAUSEMENU/BRI/PM_STATUS.DAT#0
PAIR	PAUSEMENU/FRA/pm_item.dat	0	PAUSEMENU/FRA/PM_ITEM.DAT	0	PAUSEMENU/FRA/PM_ITEM.DAT#0<->PAUSEMENU/FRA/PM_ITEM.DAT#0
PAIR	PAUSEMENU/FRA/pm_keitai.dat	0	PAUSEMENU/FRA/PM_KEITAI.DAT	0	PAUSEMENU/FRA/PM_KEITAI.DAT#0<->PAUSEMENU/FRA/PM_KEITAI.DAT#0
PAIR	PAUSEMENU/FRA/pm_main.dat	0	PAUSEMENU/FRA/PM_MAIN.DAT	0	PAUSEMENU/FRA/PM_MAIN.DAT#0<->PAUSEMENU/FRA/PM_MAIN.DAT#0
PAIR	PAUSEMENU/FRA/pm_map.dat	0	PAUSEMENU/FRA/PM_MAP.DAT	0	PAUSEMENU/FRA/PM_MAP.DAT#0<->PAUSEMENU/FRA/PM_MAP.DAT#0
PAIR	PAUSEMENU/FRA/pm_mission.dat	0	PAUSEMENU/FRA/PM_MISSION.DAT	0	PAUSEMENU/FRA/PM_MISSION.DAT#0<->PAUSEMENU/FRA/PM_MISSION.DAT#0
PAIR	PAUSEMENU/FRA/pm_soukanzu.dat	0	PAUSEMENU/FRA/PM_SOUKANZU.DAT	0	PAUSEMENU/FRA/PM_SOUKANZU.DAT#0<->PAUSEMENU/FRA/PM_SOUKANZU.DAT#0
PAIR	PAUSEMENU/FRA/pm_status.dat	0	PAUSEMENU/FRA/PM_STATUS.DAT	0	PAUSEMENU/FRA/PM_STATUS.DAT#0<->PAUSEMENU/FRA/PM_STATUS.DAT#0
PAIR	PAUSEMENU/GER/pm_item.dat	0	PAUSEMENU/GER/PM_ITEM.DAT	0	PAUSEMENU/GER/PM_ITEM.DAT#0<->PAUSEMENU/GER/PM_ITEM.DAT#0
PAIR	PAUSEMENU/GER/pm_keitai.dat	0	PAUSEMENU/GER/PM_KEITAI.DAT	0	PAUSEMENU/GER/PM_KEITAI.DAT#0<->PAUSEMENU/GER/PM_KEITAI.DAT#0
PAIR	PAUSEMENU/GER/pm_main.dat	0	PAUSEMENU/GER/PM_MAIN.DAT	0	PAUSEMENU/GER/PM_MAIN.DAT#0<->PAUSEMENU/GER/PM_MAIN.DAT#0
PAIR	PAUSEMENU/GER/pm_map.dat	0	PAUSEMENU/GER/PM_MAP.DAT	0	PAUSEMENU/GER/PM_MAP.DAT#0<->PAUSEMENU/GER/PM_MAP.DAT#0
PAIR	PAUSEMENU/GER/pm_mission.dat	0	PAUSEMENU/GER/PM_MISSION.DAT	0	PAUSEMENU/GER/PM_MISSION.DAT#0<->PAUSEMENU/GER/PM_MISSION.DAT#0
PAIR	PAUSEMENU/GER/pm_soukanzu.dat	0	PAUSEMENU/GER/PM_SOUKANZU.DAT	0	PAUSEMENU/GER/PM_SOUKANZU.DAT#0<->PAUSEMENU/GER/PM_SOUKANZU.DAT#0
PAIR	PAUSEMENU/GER/pm_status.dat	0	PAUSEMENU/GER/PM_STATUS.DAT	0	PAUSEMENU/GER/PM_STATUS.DAT#0<->PAUSEMENU/GER/PM_STATUS.DAT#0
PAIR	PAUSEMENU/ITA/pm_item.dat	0	PAUSEMENU/ITA/PM_ITEM.DAT	0	PAUSEMENU/ITA/PM_ITEM.DAT#0<->PAUSEMENU/ITA/PM_ITEM.DAT#0
PAIR	PAUSEMENU/ITA/pm_keitai.dat	0	PAUSEMENU/ITA/PM_KEITAI.DAT	0	PAUSEMENU/ITA/PM_KEITAI.DAT#0<->PAUSEMENU/ITA/PM_KEITAI.DAT#0
PAIR	PAUSEMENU/ITA/pm_main.dat	0	PAUSEMENU/ITA/PM_MAIN.DAT	0	PAUSEMENU/ITA/PM_MAIN.DAT#0<->PAUSEMENU/ITA/PM_MAIN.DAT#0
PAIR	PAUSEMENU/ITA/pm_map.dat	0	PAUSEMENU/ITA/PM_MAP.DAT	0	PAUSEMENU/ITA/PM_MAP.DAT#0<->PAUSEMENU/ITA/PM_MAP.DAT#0
PAIR	PAUSEMENU/ITA/pm_mission.dat	0	PAUSEMENU/ITA/PM_MISSION.DAT	0	PAUSEMENU/ITA/PM_MISSION.DAT#0<->PAUSEMENU/ITA/PM_MISSION.DAT#0
PAIR	PAUSEMENU/ITA/pm_soukanzu.dat	0	PAUSEMENU/ITA/PM_SOUKANZU.DAT	0	PAUSEMENU/ITA/PM_SOUKANZU.DAT#0<->PAUSEMENU/ITA/PM_SOUKANZU.DAT#0
PAIR	PAUSEMENU/ITA/pm_status.dat	0	PAUSEMENU/ITA/PM_STATUS.DAT	0	PAUSEMENU/ITA/PM_STATUS.DAT#0<->PAUSEMENU/ITA/PM_STATUS.DAT#0
PS3_ONLY	PAUSEMENU/JPN/pm_config.dat	0			
PS3_ONLY	PAUSEMENU/JPN/pm_item.dat	0			
PS3_ONLY	PAUSEMENU/JPN/pm_keitai.dat	0			
PS3_ONLY	PAUSEMENU/JPN/pm_main.dat	0			
PS3_ONLY	PAUSEMENU/JPN/pm_map.dat	0			
PS3_ONLY	PAUSEMENU/JPN/pm_mission.dat	0			
PS3_ONLY	PAUSEMENU/JPN/pm_soukanzu.dat	0			
PS3_ONLY	PAUSEMENU/JPN/pm_status.dat	0			
PAIR	PAUSEMENU/SPA/pm_item.dat	0	PAUSEMENU/SPA/PM_ITEM.DAT	0	PAUSEMENU/SPA/PM_ITEM.DAT#0<->PAUSEMENU/SPA/PM_ITEM.DAT#0
PAIR	PAUSEMENU/SPA/pm_keitai.dat	0	PAUSEMENU/SPA/PM_KEITAI.DAT	0	PAUSEMENU/SPA/PM_KEITAI.DAT#0<->PAUSEMENU/SPA/PM_KEITAI.DAT#0
PAIR	PAUSEMENU/SPA/pm_main.dat	0	PAUSEMENU/SPA/PM_MAIN.DAT	0	PAUSEMENU/SPA/PM_MAIN.DAT#0<->PAUSEMENU/SPA/PM_MAIN.DAT#0
PAIR	PAUSEMENU/SPA/pm_map.dat	0	PAUSEMENU/SPA/PM_MAP.DAT	0	PAUSEMENU/SPA/PM_MAP.DAT#0<->PAUSEMENU/SPA/PM_MAP.DAT#0
PAIR	PAUSEMENU/SPA/pm_mission.dat	0	PAUSEMENU/SPA/PM_MISSION.DAT	0	PAUSEMENU/SPA/PM_MISSION.DAT#0<->PAUSEMENU/SPA/PM_MISSION.DAT#0
PAIR	PAUSEMENU/SPA/pm_soukanzu.dat	0	PAUSEMENU/SPA/PM_SOUKANZU.DAT	0	PAUSEMENU/SPA/PM_SOUKANZU.DAT#0<->PAUSEMENU/SPA/PM_SOUKANZU.DAT#0
PAIR	PAUSEMENU/SPA/pm_status.dat	0	PAUSEMENU/SPA/PM_STATUS.DAT	0	PAUSEMENU/SPA/PM_STATUS.DAT#0<->PAUSEMENU/SPA/PM_STATUS.DAT#0
PAIR	PAUSEMENU/TEX/1000GOLD.dat	0	PAUSEMENU/TEX/1000GOLD.DAT	0	PAUSEMENU/TEX/1000GOLD.DAT#0<->PAUSEMENU/TEX/1000GOLD.DAT#0
PAIR	PAUSEMENU/TEX/100GOLD.dat	0	PAUSEMENU/TEX/100GOLD.DAT	0	PAUSEMENU/TEX/100GOLD.DAT#0<->PAUSEMENU/TEX/100GOLD.DAT#0
PAIR	PAUSEMENU/TEX/10GOLD.dat	0	PAUSEMENU/TEX/10GOLD.DAT	0	PAUSEMENU/TEX/10GOLD.DAT#0<->PAUSEMENU/TEX/10GOLD.DAT#0
PAIR	PAUSEMENU/TEX/3cows_painting.dat	0	PAUSEMENU/TEX/3COWS_PAINTING.DAT	0	PAUSEMENU/TEX/3COWS_PAINTING.DAT#0<->PAUSEMENU/TEX/3COWS_PAINTING.DAT#0
PAIR	PAUSEMENU/TEX/3cows_painting_l.dat	0	PAUSEMENU/TEX/3COWS_PAINTING_L.DAT	0	PAUSEMENU/TEX/3COWS_PAINTING_L.DAT#0<->PAUSEMENU/TEX/3COWS_PAINTING_L.DAT#0
PAIR	PAUSEMENU/TEX/ame_sack.dat	0	PAUSEMENU/TEX/AME_SACK.DAT	0	PAUSEMENU/TEX/AME_SACK.DAT#0<->PAUSEMENU/TEX/AME_SACK.DAT#0
PAIR	PAUSEMENU/TEX/amours_bracelet.dat	0	PAUSEMENU/TEX/AMOURS_BRACELET.DAT	0	PAUSEMENU/TEX/AMOURS_BRACELET.DAT#0<->PAUSEMENU/TEX/AMOURS_BRACELET.DAT#0
PAIR	PAUSEMENU/TEX/angel_bell.dat	0	PAUSEMENU/TEX/ANGEL_BELL.DAT	0	PAUSEMENU/TEX/ANGEL_BELL.DAT#0<->PAUSEMENU/TEX/ANGEL_BELL.DAT#0
PAIR	PAUSEMENU/TEX/anti_alcohol.dat	0	PAUSEMENU/TEX/ANTI_ALCOHOL.DAT	0	PAUSEMENU/TEX/ANTI_ALCOHOL.DAT#0<->PAUSEMENU/TEX/ANTI_ALCOHOL.DAT#0
PAIR	PAUSEMENU/TEX/anti_fire_plate.dat	0	PAUSEMENU/TEX/ANTI_FIRE_PLATE.DAT	0	PAUSEMENU/TEX/ANTI_FIRE_PLATE.DAT#0<->PAUSEMENU/TEX/ANTI_FIRE_PLATE.DAT#0
PAIR	PAUSEMENU/TEX/arai_kuma.dat	0	PAUSEMENU/TEX/ARAI_KUMA.DAT	0	PAUSEMENU/TEX/ARAI_KUMA.DAT#0<->PAUSEMENU/TEX/ARAI_KUMA.DAT#0
PAIR	PAUSEMENU/TEX/arai_kuma_l.dat	0	PAUSEMENU/TEX/ARAI_KUMA_L.DAT	0	PAUSEMENU/TEX/ARAI_KUMA_L.DAT#0<->PAUSEMENU/TEX/ARAI_KUMA_L.DAT#0
PAIR	PAUSEMENU/TEX/attache_case.dat	0	PAUSEMENU/TEX/ATTACHE_CASE.DAT	0	PAUSEMENU/TEX/ATTACHE_CASE.DAT#0<->PAUSEMENU/TEX/ATTACHE_CASE.DAT#0
PAIR	PAUSEMENU/TEX/attache_case_l.dat	0	PAUSEMENU/TEX/ATTACHE_CASE_L.DAT	0	PAUSEMENU/TEX/ATTACHE_CASE_L.DAT#0<->PAUSEMENU/TEX/ATTACHE_CASE_L.DAT#0
PAIR	PAUSEMENU/TEX/bag_mini01.dat	0	PAUSEMENU/TEX/BAG_MINI01.DAT	0	PAUSEMENU/TEX/BAG_MINI01.DAT#0<->PAUSEMENU/TEX/BAG_MINI01.DAT#0
PAIR	PAUSEMENU/TEX/bag_mini02.dat	0	PAUSEMENU/TEX/BAG_MINI02.DAT	0	PAUSEMENU/TEX/BAG_MINI02.DAT#0<->PAUSEMENU/TEX/BAG_MINI02.DAT#0
PAIR	PAUSEMENU/TEX/bandage.dat	0	PAUSEMENU/TEX/BANDAGE.DAT	0	PAUSEMENU/TEX/BANDAGE.DAT#0<->PAUSEMENU/TEX/BANDAGE.DAT#0
PAIR	PAUSEMENU/TEX/banker_card.dat	0	PAUSEMENU/TEX/BANKER_CARD.DAT	0	PAUSEMENU/TEX/BANKER_CARD.DAT#0<->PAUSEMENU/TEX/BANKER_CARD.DAT#0
PAIR	PAUSEMENU/TEX/batto_kaiden.dat	0	PAUSEMENU/TEX/BATTO_KAIDEN.DAT	0	PAUSEMENU/TEX/BATTO_KAIDEN.DAT#0<->PAUSEMENU/TEX/BATTO_KAIDEN.DAT#0
PAIR	PAUSEMENU/TEX/batto_kaiden_l.dat	0	PAUSEMENU/TEX/BATTO_KAIDEN_L.DAT	0	PAUSEMENU/TEX/BATTO_KAIDEN_L.DAT#0<->PAUSEMENU/TEX/BATTO_KAIDEN_L.DAT#0
PAIR	PAUSEMENU/TEX/beer.dat	0	PAUSEMENU/TEX/BEER.DAT	0	PAUSEMENU/TEX/BEER.DAT#0<->PAUSEMENU/TEX/BEER.DAT#0
PAIR	PAUSEMENU/TEX/bento.dat	0	PAUSEMENU/TEX/BENTO.DAT	0	PAUSEMENU/TEX/BENTO.DAT#0<->PAUSEMENU/TEX/BENTO.DAT#0
PAIR	PAUSEMENU/TEX/BJ_charm.dat	0	PAUSEMENU/TEX/BJ_CHARM.DAT	0	PAUSEMENU/TEX/BJ_CHARM.DAT#0<->PAUSEMENU/TEX/BJ_CHARM.DAT#0
PAIR	PAUSEMENU/TEX/black_jewel.dat	0	PAUSEMENU/TEX/BLACK_JEWEL.DAT	0	PAUSEMENU/TEX/BLACK_JEWEL.DAT#0<->PAUSEMENU/TEX/BLACK_JEWEL.DAT#0
PAIR	PAUSEMENU/TEX/book.dat	0	PAUSEMENU/TEX/BOOK.DAT	0	PAUSEMENU/TEX/BOOK.DAT#0<->PAUSEMENU/TEX/BOOK.DAT#0
PAIR	PAUSEMENU/TEX/borex.dat	0	PAUSEMENU/TEX/BOREX.DAT	0	PAUSEMENU/TEX/BOREX.DAT#0<->PAUSEMENU/TEX/BOREX.DAT#0
PAIR	PAUSEMENU/TEX/bracelet.dat	0	PAUSEMENU/TEX/BRACELET.DAT	0	PAUSEMENU/TEX/BRACELET.DAT#0<->PAUSEMENU/TEX/BRACELET.DAT#0
PAIR	PAUSEMENU/TEX/brand_accesary.dat	0	PAUSEMENU/TEX/BRAND_ACCESARY.DAT	0	PAUSEMENU/TEX/BRAND_ACCESARY.DAT#0<->PAUSEMENU/TEX/BRAND_ACCESARY.DAT#0
PAIR	PAUSEMENU/TEX/buger_a.dat	0	PAUSEMENU/TEX/BUGER_A.DAT	0	PAUSEMENU/TEX/BUGER_A.DAT#0<->PAUSEMENU/TEX/BUGER_A.DAT#0
PAIR	PAUSEMENU/TEX/buger_b.dat	0	PAUSEMENU/TEX/BUGER_B.DAT	0	PAUSEMENU/TEX/BUGER_B.DAT#0<->PAUSEMENU/TEX/BUGER_B.DAT#0
PAIR	PAUSEMENU/TEX/buger_c.dat	0	PAUSEMENU/TEX/BUGER_C.DAT	0	PAUSEMENU/TEX/BUGER_C.DAT#0<->PAUSEMENU/TEX/BUGER_C.DAT#0
PAIR	PAUSEMENU/TEX/burger_ticket.dat	0	PAUSEMENU/TEX/BURGER_TICKET.DAT	0	PAUSEMENU/TEX/BURGER_TICKET.DAT#0<->PAUSEMENU/TEX/BURGER_TICKET.DAT#0
PAIR	PAUSEMENU/TEX/carbuncle.dat	0	PAUSEMENU/TEX/CARBUNCLE.DAT	0	PAUSEMENU/TEX/CARBUNCLE.DAT#0<->PAUSEMENU/TEX/CARBUNCLE.DAT#0
PAIR	PAUSEMENU/TEX/casino_chip.dat	0	PAUSEMENU/TEX/CASINO_CHIP.DAT	0	PAUSEMENU/TEX/CASINO_CHIP.DAT#0<->PAUSEMENU/TEX/CASINO_CHIP.DAT#0
PAIR	PAUSEMENU/TEX/casino_chip_l.dat	0	PAUSEMENU/TEX/CASINO_CHIP_L.DAT	0	PAUSEMENU/TEX/CASINO_CHIP_L.DAT#0<->PAUSEMENU/TEX/CASINO_CHIP_L.DAT#0
PAIR	PAUSEMENU/TEX/catfood.dat	0	PAUSEMENU/TEX/CATFOOD.DAT	0	PAUSEMENU/TEX/CATFOOD.DAT#0<->PAUSEMENU/TEX/CATFOOD.DAT#0
PAIR	PAUSEMENU/TEX/cats_eye.dat	0	PAUSEMENU/TEX/CATS_EYE.DAT	0	PAUSEMENU/TEX/CATS_EYE.DAT#0<->PAUSEMENU/TEX/CATS_EYE.DAT#0
PAIR	PAUSEMENU/TEX/cat_painting.dat	0	PAUSEMENU/TEX/CAT_PAINTING.DAT	0	PAUSEMENU/TEX/CAT_PAINTING.DAT#0<->PAUSEMENU/TEX/CAT_PAINTING.DAT#0
PAIR	PAUSEMENU/TEX/cat_painting_l.dat	0	PAUSEMENU/TEX/CAT_PAINTING_L.DAT	0	PAUSEMENU/TEX/CAT_PAINTING_L.DAT#0<->PAUSEMENU/TEX/CAT_PAINTING_L.DAT#0
PAIR	PAUSEMENU/TEX/caviar_bag.dat	0	PAUSEMENU/TEX/CAVIAR_BAG.DAT	0	PAUSEMENU/TEX/CAVIAR_BAG.DAT#0<->PAUSEMENU/TEX/CAVIAR_BAG.DAT#0
PAIR	PAUSEMENU/TEX/cellular.dat	0	PAUSEMENU/TEX/CELLULAR.DAT	0	PAUSEMENU/TEX/CELLULAR.DAT#0<->PAUSEMENU/TEX/CELLULAR.DAT#0
PAIR	PAUSEMENU/TEX/cellula_l.dat	0	PAUSEMENU/TEX/CELLULA_L.DAT	0	PAUSEMENU/TEX/CELLULA_L.DAT#0<->PAUSEMENU/TEX/CELLULA_L.DAT#0
PAIR	PAUSEMENU/TEX/chain_armor.dat	0	PAUSEMENU/TEX/CHAIN_ARMOR.DAT	0	PAUSEMENU/TEX/CHAIN_ARMOR.DAT#0<->PAUSEMENU/TEX/CHAIN_ARMOR.DAT#0
PAIR	PAUSEMENU/TEX/chai_pan.dat	0	PAUSEMENU/TEX/CHAI_PAN.DAT	0	PAUSEMENU/TEX/CHAI_PAN.DAT#0<->PAUSEMENU/TEX/CHAI_PAN.DAT#0
PAIR	PAUSEMENU/TEX/chai_pan_l.dat	0	PAUSEMENU/TEX/CHAI_PAN_L.DAT	0	PAUSEMENU/TEX/CHAI_PAN_L.DAT#0<->PAUSEMENU/TEX/CHAI_PAN_L.DAT#0
PAIR	PAUSEMENU/TEX/champion_ring.dat	0	PAUSEMENU/TEX/CHAMPION_RING.DAT	0	PAUSEMENU/TEX/CHAMPION_RING.DAT#0<->PAUSEMENU/TEX/CHAMPION_RING.DAT#0
PAIR	PAUSEMENU/TEX/charisma_photo.dat	0	PAUSEMENU/TEX/CHARISMA_PHOTO.DAT	0	PAUSEMENU/TEX/CHARISMA_PHOTO.DAT#0<->PAUSEMENU/TEX/CHARISMA_PHOTO.DAT#0
PAIR	PAUSEMENU/TEX/charisma_ring.dat	0	PAUSEMENU/TEX/CHARISMA_RING.DAT	0	PAUSEMENU/TEX/CHARISMA_RING.DAT#0<->PAUSEMENU/TEX/CHARISMA_RING.DAT#0
PAIR	PAUSEMENU/TEX/chinkai_gan_l.dat	0	PAUSEMENU/TEX/CHINKAI_GAN_L.DAT	0	PAUSEMENU/TEX/CHINKAI_GAN_L.DAT#0<->PAUSEMENU/TEX/CHINKAI_GAN_L.DAT#0
PAIR	PAUSEMENU/TEX/chinkai_gan_m.dat	0	PAUSEMENU/TEX/CHINKAI_GAN_M.DAT	0	PAUSEMENU/TEX/CHINKAI_GAN_M.DAT#0<->PAUSEMENU/TEX/CHINKAI_GAN_M.DAT#0
PAIR	PAUSEMENU/TEX/chinkai_gan_s.dat	0	PAUSEMENU/TEX/CHINKAI_GAN_S.DAT	0	PAUSEMENU/TEX/CHINKAI_GAN_S.DAT#0<->PAUSEMENU/TEX/CHINKAI_GAN_S.DAT#0
PAIR	PAUSEMENU/TEX/choco_card.dat	0	PAUSEMENU/TEX/CHOCO_CARD.DAT	0	PAUSEMENU/TEX/CHOCO_CARD.DAT#0<->PAUSEMENU/TEX/CHOCO_CARD.DAT#0
PAIR	PAUSEMENU/TEX/chuhai.dat	0	PAUSEMENU/TEX/CHUHAI.DAT	0	PAUSEMENU/TEX/CHUHAI.DAT#0<->PAUSEMENU/TEX/CHUHAI.DAT#0
PAIR	PAUSEMENU/TEX/cookie_set.dat	0	PAUSEMENU/TEX/COOKIE_SET.DAT	0	PAUSEMENU/TEX/COOKIE_SET.DAT#0<->PAUSEMENU/TEX/COOKIE_SET.DAT#0
PAIR	PAUSEMENU/TEX/cool_liquid.dat	0	PAUSEMENU/TEX/COOL_LIQUID.DAT	0	PAUSEMENU/TEX/COOL_LIQUID.DAT#0<->PAUSEMENU/TEX/COOL_LIQUID.DAT#0
PS3_ONLY	PAUSEMENU/TEX/CSE_SCRSETTING_BACK.DAT	0			
PAIR	PAUSEMENU/TEX/cup_sake.dat	0	PAUSEMENU/TEX/CUP_SAKE.DAT	0	PAUSEMENU/TEX/CUP_SAKE.DAT#0<->PAUSEMENU/TEX/CUP_SAKE.DAT#0
PAIR	PAUSEMENU/TEX/date.dat	0	PAUSEMENU/TEX/DATE.DAT	0	PAUSEMENU/TEX/DATE.DAT#0<->PAUSEMENU/TEX/DATE.DAT#0
PAIR	PAUSEMENU/TEX/date_torimonochou.dat	0	PAUSEMENU/TEX/DATE_TORIMONOCHOU.DAT	0	PAUSEMENU/TEX/DATE_TORIMONOCHOU.DAT#0<->PAUSEMENU/TEX/DATE_TORIMONOCHOU.DAT#0
PAIR	PAUSEMENU/TEX/deadcellphone.dat	0	PAUSEMENU/TEX/DEADCELLPHONE.DAT	0	PAUSEMENU/TEX/DEADCELLPHONE.DAT#0<->PAUSEMENU/TEX/DEADCELLPHONE.DAT#0
PAIR	PAUSEMENU/TEX/dekavitac.dat	0	PAUSEMENU/TEX/DEKAVITAC.DAT	0	PAUSEMENU/TEX/DEKAVITAC.DAT#0<->PAUSEMENU/TEX/DEKAVITAC.DAT#0
PAIR	PAUSEMENU/TEX/de_drank.dat	0	PAUSEMENU/TEX/DE_DRANK.DAT	0	PAUSEMENU/TEX/DE_DRANK.DAT#0<->PAUSEMENU/TEX/DE_DRANK.DAT#0
PAIR	PAUSEMENU/TEX/dish_bekko.dat	0	PAUSEMENU/TEX/DISH_BEKKO.DAT	0	PAUSEMENU/TEX/DISH_BEKKO.DAT#0<->PAUSEMENU/TEX/DISH_BEKKO.DAT#0
PAIR	PAUSEMENU/TEX/dish_dairiseki.dat	0	PAUSEMENU/TEX/DISH_DAIRISEKI.DAT	0	PAUSEMENU/TEX/DISH_DAIRISEKI.DAT#0<->PAUSEMENU/TEX/DISH_DAIRISEKI.DAT#0
PAIR	PAUSEMENU/TEX/dish_dragon.dat	0	PAUSEMENU/TEX/DISH_DRAGON.DAT	0	PAUSEMENU/TEX/DISH_DRAGON.DAT#0<->PAUSEMENU/TEX/DISH_DRAGON.DAT#0
PAIR	PAUSEMENU/TEX/dish_gold.dat	0	PAUSEMENU/TEX/DISH_GOLD.DAT	0	PAUSEMENU/TEX/DISH_GOLD.DAT#0<->PAUSEMENU/TEX/DISH_GOLD.DAT#0
PAIR	PAUSEMENU/TEX/dish_japan.dat	0	PAUSEMENU/TEX/DISH_JAPAN.DAT	0	PAUSEMENU/TEX/DISH_JAPAN.DAT#0<->PAUSEMENU/TEX/DISH_JAPAN.DAT#0
PAIR	PAUSEMENU/TEX/dish_silver.dat	0	PAUSEMENU/TEX/DISH_SILVER.DAT	0	PAUSEMENU/TEX/DISH_SILVER.DAT#0<->PAUSEMENU/TEX/DISH_SILVER.DAT#0
PAIR	PAUSEMENU/TEX/dogfood.dat	0	PAUSEMENU/TEX/DOGFOOD.DAT	0	PAUSEMENU/TEX/DOGFOOD.DAT#0<->PAUSEMENU/TEX/DOGFOOD.DAT#0
PAIR	PAUSEMENU/TEX/dojima_letter.dat	0	PAUSEMENU/TEX/DOJIMA_LETTER.DAT	0	PAUSEMENU/TEX/DOJIMA_LETTER.DAT#0<->PAUSEMENU/TEX/DOJIMA_LETTER.DAT#0
PAIR	PAUSEMENU/TEX/dojima_letter_l.dat	0	PAUSEMENU/TEX/DOJIMA_LETTER_L.DAT	0	PAUSEMENU/TEX/DOJIMA_LETTER_L.DAT#0<->PAUSEMENU/TEX/DOJIMA_LETTER_L.DAT#0
PAIR	PAUSEMENU/TEX/dorayan_b.dat	0	PAUSEMENU/TEX/DORAYAN_B.DAT	0	PAUSEMENU/TEX/DORAYAN_B.DAT#0<->PAUSEMENU/TEX/DORAYAN_B.DAT#0
PAIR	PAUSEMENU/TEX/dorayan_b_l.dat	0	PAUSEMENU/TEX/DORAYAN_B_L.DAT	0	PAUSEMENU/TEX/DORAYAN_B_L.DAT#0<->PAUSEMENU/TEX/DORAYAN_B_L.DAT#0
PAIR	PAUSEMENU/TEX/dorayan_g.dat	0	PAUSEMENU/TEX/DORAYAN_G.DAT	0	PAUSEMENU/TEX/DORAYAN_G.DAT#0<->PAUSEMENU/TEX/DORAYAN_G.DAT#0
PAIR	PAUSEMENU/TEX/dorayan_g_l.dat	0	PAUSEMENU/TEX/DORAYAN_G_L.DAT	0	PAUSEMENU/TEX/DORAYAN_G_L.DAT#0<->PAUSEMENU/TEX/DORAYAN_G_L.DAT#0
PAIR	PAUSEMENU/TEX/doujima.dat	0	PAUSEMENU/TEX/DOUJIMA.DAT	0	PAUSEMENU/TEX/DOUJIMA.DAT#0<->PAUSEMENU/TEX/DOUJIMA.DAT#0
PAIR	PAUSEMENU/TEX/dragon_sarashi.dat	0	PAUSEMENU/TEX/DRAGON_SARASHI.DAT	0	PAUSEMENU/TEX/DRAGON_SARASHI.DAT#0<->PAUSEMENU/TEX/DRAGON_SARASHI.DAT#0
PAIR	PAUSEMENU/TEX/dummy.dat	0	PAUSEMENU/TEX/DUMMY.DAT	0	PAUSEMENU/TEX/DUMMY.DAT#0<->PAUSEMENU/TEX/DUMMY.DAT#0
PAIR	PAUSEMENU/TEX/exp_liquid.dat	0	PAUSEMENU/TEX/EXP_LIQUID.DAT	0	PAUSEMENU/TEX/EXP_LIQUID.DAT#0<->PAUSEMENU/TEX/EXP_LIQUID.DAT#0
PAIR	PAUSEMENU/TEX/eye_glass.dat	0	PAUSEMENU/TEX/EYE_GLASS.DAT	0	PAUSEMENU/TEX/EYE_GLASS.DAT#0<->PAUSEMENU/TEX/EYE_GLASS.DAT#0
PAIR	PAUSEMENU/TEX/flier.dat	0	PAUSEMENU/TEX/FLIER.DAT	0	PAUSEMENU/TEX/FLIER.DAT#0<->PAUSEMENU/TEX/FLIER.DAT#0
PAIR	PAUSEMENU/TEX/freepass.dat	0	PAUSEMENU/TEX/FREEPASS.DAT	0	PAUSEMENU/TEX/FREEPASS.DAT#0<->PAUSEMENU/TEX/FREEPASS.DAT#0
PAIR	PAUSEMENU/TEX/freepass_l.dat	0	PAUSEMENU/TEX/FREEPASS_L.DAT	0	PAUSEMENU/TEX/FREEPASS_L.DAT#0<->PAUSEMENU/TEX/FREEPASS_L.DAT#0
PAIR	PAUSEMENU/TEX/french_muffle.dat	0	PAUSEMENU/TEX/FRENCH_MUFFLE.DAT	0	PAUSEMENU/TEX/FRENCH_MUFFLE.DAT#0<->PAUSEMENU/TEX/FRENCH_MUFFLE.DAT#0
PAIR	PAUSEMENU/TEX/french_muffler.dat	0	PAUSEMENU/TEX/FRENCH_MUFFLER.DAT	0	PAUSEMENU/TEX/FRENCH_MUFFLER.DAT#0<->PAUSEMENU/TEX/FRENCH_MUFFLER.DAT#0
PAIR	PAUSEMENU/TEX/friend_photo.dat	0	PAUSEMENU/TEX/FRIEND_PHOTO.DAT	0	PAUSEMENU/TEX/FRIEND_PHOTO.DAT#0<->PAUSEMENU/TEX/FRIEND_PHOTO.DAT#0
PAIR	PAUSEMENU/TEX/friend_photo_l.dat	0	PAUSEMENU/TEX/FRIEND_PHOTO_L.DAT	0	PAUSEMENU/TEX/FRIEND_PHOTO_L.DAT#0<->PAUSEMENU/TEX/FRIEND_PHOTO_L.DAT#0
PAIR	PAUSEMENU/TEX/gamble_pendant.dat	0	PAUSEMENU/TEX/GAMBLE_PENDANT.DAT	0	PAUSEMENU/TEX/GAMBLE_PENDANT.DAT#0<->PAUSEMENU/TEX/GAMBLE_PENDANT.DAT#0
PAIR	PAUSEMENU/TEX/gamute.dat	0	PAUSEMENU/TEX/GAMUTE.DAT	0	PAUSEMENU/TEX/GAMUTE.DAT#0<->PAUSEMENU/TEX/GAMUTE.DAT#0
PAIR	PAUSEMENU/TEX/gas_mask.dat	0	PAUSEMENU/TEX/GAS_MASK.DAT	0	PAUSEMENU/TEX/GAS_MASK.DAT#0<->PAUSEMENU/TEX/GAS_MASK.DAT#0
PAIR	PAUSEMENU/TEX/genkou.dat	0	PAUSEMENU/TEX/GENKOU.DAT	0	PAUSEMENU/TEX/GENKOU.DAT#0<->PAUSEMENU/TEX/GENKOU.DAT#0
PAIR	PAUSEMENU/TEX/gens_photo.dat	0	PAUSEMENU/TEX/GENS_PHOTO.DAT	0	PAUSEMENU/TEX/GENS_PHOTO.DAT#0<->PAUSEMENU/TEX/GENS_PHOTO.DAT#0
PAIR	PAUSEMENU/TEX/gens_purse.dat	0	PAUSEMENU/TEX/GENS_PURSE.DAT	0	PAUSEMENU/TEX/GENS_PURSE.DAT#0<->PAUSEMENU/TEX/GENS_PURSE.DAT#0
PAIR	PAUSEMENU/TEX/gentsbag.dat	0	PAUSEMENU/TEX/GENTSBAG.DAT	0	PAUSEMENU/TEX/GENTSBAG.DAT#0<->PAUSEMENU/TEX/GENTSBAG.DAT#0
PAIR	PAUSEMENU/TEX/giga_scoville.dat	0	PAUSEMENU/TEX/GIGA_SCOVILLE.DAT	0	PAUSEMENU/TEX/GIGA_SCOVILLE.DAT#0<->PAUSEMENU/TEX/GIGA_SCOVILLE.DAT#0
PAIR	PAUSEMENU/TEX/gizou_pass.dat	0	PAUSEMENU/TEX/GIZOU_PASS.DAT	0	PAUSEMENU/TEX/GIZOU_PASS.DAT#0<->PAUSEMENU/TEX/GIZOU_PASS.DAT#0
PAIR	PAUSEMENU/TEX/gizou_pass_l.dat	0	PAUSEMENU/TEX/GIZOU_PASS_L.DAT	0	PAUSEMENU/TEX/GIZOU_PASS_L.DAT#0<->PAUSEMENU/TEX/GIZOU_PASS_L.DAT#0
PAIR	PAUSEMENU/TEX/goldenlighter.dat	0	PAUSEMENU/TEX/GOLDENLIGHTER.DAT	0	PAUSEMENU/TEX/GOLDENLIGHTER.DAT#0<->PAUSEMENU/TEX/GOLDENLIGHTER.DAT#0
PAIR	PAUSEMENU/TEX/golden_shit.dat	0	PAUSEMENU/TEX/GOLDEN_SHIT.DAT	0	PAUSEMENU/TEX/GOLDEN_SHIT.DAT#0<->PAUSEMENU/TEX/GOLDEN_SHIT.DAT#0
PAIR	PAUSEMENU/TEX/gyudon_a.dat	0	PAUSEMENU/TEX/GYUDON_A.DAT	0	PAUSEMENU/TEX/GYUDON_A.DAT#0<->PAUSEMENU/TEX/GYUDON_A.DAT#0
PAIR	PAUSEMENU/TEX/gyudon_b.dat	0	PAUSEMENU/TEX/GYUDON_B.DAT	0	PAUSEMENU/TEX/GYUDON_B.DAT#0<->PAUSEMENU/TEX/GYUDON_B.DAT#0
PAIR	PAUSEMENU/TEX/gyudon_c.dat	0	PAUSEMENU/TEX/GYUDON_C.DAT	0	PAUSEMENU/TEX/GYUDON_C.DAT#0<->PAUSEMENU/TEX/GYUDON_C.DAT#0
PAIR	PAUSEMENU/TEX/hakureisui.dat	0	PAUSEMENU/TEX/HAKUREISUI.DAT	0	PAUSEMENU/TEX/HAKUREISUI.DAT#0<->PAUSEMENU/TEX/HAKUREISUI.DAT#0
PAIR	PAUSEMENU/TEX/hanaya.dat	0	PAUSEMENU/TEX/HANAYA.DAT	0	PAUSEMENU/TEX/HANAYA.DAT#0<->PAUSEMENU/TEX/HANAYA.DAT#0
PAIR	PAUSEMENU/TEX/haruka.dat	0	PAUSEMENU/TEX/HARUKA.DAT	0	PAUSEMENU/TEX/HARUKA.DAT#0<->PAUSEMENU/TEX/HARUKA.DAT#0
PAIR	PAUSEMENU/TEX/haruka_candy.dat	0	PAUSEMENU/TEX/HARUKA_CANDY.DAT	0	PAUSEMENU/TEX/HARUKA_CANDY.DAT#0<->PAUSEMENU/TEX/HARUKA_CANDY.DAT#0
PAIR	PAUSEMENU/TEX/haruka_charm.dat	0	PAUSEMENU/TEX/HARUKA_CHARM.DAT	0	PAUSEMENU/TEX/HARUKA_CHARM.DAT#0<->PAUSEMENU/TEX/HARUKA_CHARM.DAT#0
PAIR	PAUSEMENU/TEX/haruka_chocolate.dat	0	PAUSEMENU/TEX/HARUKA_CHOCOLATE.DAT	0	PAUSEMENU/TEX/HARUKA_CHOCOLATE.DAT#0<->PAUSEMENU/TEX/HARUKA_CHOCOLATE.DAT#0
PAIR	PAUSEMENU/TEX/haruka_hairpin.dat	0	PAUSEMENU/TEX/HARUKA_HAIRPIN.DAT	0	PAUSEMENU/TEX/HARUKA_HAIRPIN.DAT#0<->PAUSEMENU/TEX/HARUKA_HAIRPIN.DAT#0
PAIR	PAUSEMENU/TEX/haruka_medic.dat	0	PAUSEMENU/TEX/HARUKA_MEDIC.DAT	0	PAUSEMENU/TEX/HARUKA_MEDIC.DAT#0<->PAUSEMENU/TEX/HARUKA_MEDIC.DAT#0
PAIR	PAUSEMENU/TEX/haruka_neckress.dat	0	PAUSEMENU/TEX/HARUKA_NECKRESS.DAT	0	PAUSEMENU/TEX/HARUKA_NECKRESS.DAT#0<->PAUSEMENU/TEX/HARUKA_NECKRESS.DAT#0
PAIR	PAUSEMENU/TEX/hayasi.dat	0	PAUSEMENU/TEX/HAYASI.DAT	0	PAUSEMENU/TEX/HAYASI.DAT#0<->PAUSEMENU/TEX/HAYASI.DAT#0
PAIR	PAUSEMENU/TEX/hpmp_RETAM0012.dat	0	PAUSEMENU/TEX/HPMP_RETAM0012.DAT	0	PAUSEMENU/TEX/HPMP_RETAM0012.DAT#0<->PAUSEMENU/TEX/HPMP_RETAM0012.DAT#0
PAIR	PAUSEMENU/TEX/ice_choco.dat	0	PAUSEMENU/TEX/ICE_CHOCO.DAT	0	PAUSEMENU/TEX/ICE_CHOCO.DAT#0<->PAUSEMENU/TEX/ICE_CHOCO.DAT#0
PAIR	PAUSEMENU/TEX/ice_ichigo.dat	0	PAUSEMENU/TEX/ICE_ICHIGO.DAT	0	PAUSEMENU/TEX/ICE_ICHIGO.DAT#0<->PAUSEMENU/TEX/ICE_ICHIGO.DAT#0
PAIR	PAUSEMENU/TEX/ice_triple.dat	0	PAUSEMENU/TEX/ICE_TRIPLE.DAT	0	PAUSEMENU/TEX/ICE_TRIPLE.DAT#0<->PAUSEMENU/TEX/ICE_TRIPLE.DAT#0
PAIR	PAUSEMENU/TEX/ice_vanilla.dat	0	PAUSEMENU/TEX/ICE_VANILLA.DAT	0	PAUSEMENU/TEX/ICE_VANILLA.DAT#0<->PAUSEMENU/TEX/ICE_VANILLA.DAT#0
PAIR	PAUSEMENU/TEX/IFC_ADV_COINLOCKER.DAT	0	PAUSEMENU/TEX/IFC_ADV_COINLOCKER.DAT	0	PAUSEMENU/TEX/IFC_ADV_COINLOCKER.DAT#0<->PAUSEMENU/TEX/IFC_ADV_COINLOCKER.DAT#0
PAIR	PAUSEMENU/TEX/ifc_colo_exp.dat	0	PAUSEMENU/TEX/IFC_COLO_EXP.DAT	0	PAUSEMENU/TEX/IFC_COLO_EXP.DAT#0<->PAUSEMENU/TEX/IFC_COLO_EXP.DAT#0
PAIR	PAUSEMENU/TEX/ifc_colo_menu.dat	0	PAUSEMENU/TEX/IFC_COLO_MENU.DAT	0	PAUSEMENU/TEX/IFC_COLO_MENU.DAT#0<->PAUSEMENU/TEX/IFC_COLO_MENU.DAT#0
PAIR	PAUSEMENU/TEX/ifc_option.dat	0	PAUSEMENU/TEX/IFC_OPTION.DAT	0	PAUSEMENU/TEX/IFC_OPTION.DAT#0<->PAUSEMENU/TEX/IFC_OPTION.DAT#0
PAIR	PAUSEMENU/TEX/ifc_techB_chargekick.dat	0	PAUSEMENU/TEX/IFC_TECHB_CHARGEKICK.DAT	0	PAUSEMENU/TEX/IFC_TECHB_CHARGEKICK.DAT#0<->PAUSEMENU/TEX/IFC_TECHB_CHARGEKICK.DAT#0
PAIR	PAUSEMENU/TEX/ifc_techB_dropkick.dat	0	PAUSEMENU/TEX/IFC_TECHB_DROPKICK.DAT	0	PAUSEMENU/TEX/IFC_TECHB_DROPKICK.DAT#0<->PAUSEMENU/TEX/IFC_TECHB_DROPKICK.DAT#0
PAIR	PAUSEMENU/TEX/ifc_techB_kickfinish.dat	0	PAUSEMENU/TEX/IFC_TECHB_KICKFINISH.DAT	0	PAUSEMENU/TEX/IFC_TECHB_KICKFINISH.DAT#0<->PAUSEMENU/TEX/IFC_TECHB_KICKFINISH.DAT#0
PAIR	PAUSEMENU/TEX/ifc_techB_stepblow.dat	0	PAUSEMENU/TEX/IFC_TECHB_STEPBLOW.DAT	0	PAUSEMENU/TEX/IFC_TECHB_STEPBLOW.DAT#0<->PAUSEMENU/TEX/IFC_TECHB_STEPBLOW.DAT#0
PAIR	PAUSEMENU/TEX/ifc_techB_turnkick.dat	0	PAUSEMENU/TEX/IFC_TECHB_TURNKICK.DAT	0	PAUSEMENU/TEX/IFC_TECHB_TURNKICK.DAT#0<->PAUSEMENU/TEX/IFC_TECHB_TURNKICK.DAT#0
PAIR	PAUSEMENU/TEX/ifc_techH_airplanethrow.dat	0	PAUSEMENU/TEX/IFC_TECHH_AIRPLANETHROW.DAT	0	PAUSEMENU/TEX/IFC_TECHH_AIRPLANETHROW.DAT#0<->PAUSEMENU/TEX/IFC_TECHH_AIRPLANETHROW.DAT#0
PAIR	PAUSEMENU/TEX/ifc_techH_finishhold.dat	0	PAUSEMENU/TEX/IFC_TECHH_FINISHHOLD.DAT	0	PAUSEMENU/TEX/IFC_TECHH_FINISHHOLD.DAT#0<->PAUSEMENU/TEX/IFC_TECHH_FINISHHOLD.DAT#0
PAIR	PAUSEMENU/TEX/ifc_techH_german.dat	0	PAUSEMENU/TEX/IFC_TECHH_GERMAN.DAT	0	PAUSEMENU/TEX/IFC_TECHH_GERMAN.DAT#0<->PAUSEMENU/TEX/IFC_TECHH_GERMAN.DAT#0
PAIR	PAUSEMENU/TEX/ifc_techY_bukiYACT.dat	0	PAUSEMENU/TEX/IFC_TECHY_BUKIYACT.DAT	0	PAUSEMENU/TEX/IFC_TECHY_BUKIYACT.DAT#0<->PAUSEMENU/TEX/IFC_TECHY_BUKIYACT.DAT#0
PAIR	PAUSEMENU/TEX/ifc_techY_oiuchiYACT.dat	0	PAUSEMENU/TEX/IFC_TECHY_OIUCHIYACT.DAT	0	PAUSEMENU/TEX/IFC_TECHY_OIUCHIYACT.DAT#0<->PAUSEMENU/TEX/IFC_TECHY_OIUCHIYACT.DAT#0
PAIR	PAUSEMENU/TEX/ifc_yk_BLOW_TURN.dat	0	PAUSEMENU/TEX/IFC_YK_BLOW_TURN.DAT	0	PAUSEMENU/TEX/IFC_YK_BLOW_TURN.DAT#0<->PAUSEMENU/TEX/IFC_YK_BLOW_TURN.DAT#0
PAIR	PAUSEMENU/TEX/ifc_yk_colorbar.dat	0	PAUSEMENU/TEX/IFC_YK_COLORBAR.DAT	0	PAUSEMENU/TEX/IFC_YK_COLORBAR.DAT#0<->PAUSEMENU/TEX/IFC_YK_COLORBAR.DAT#0
PAIR	PAUSEMENU/TEX/ifc_yk_COMBO_4.dat	0	PAUSEMENU/TEX/IFC_YK_COMBO_4.DAT	0	PAUSEMENU/TEX/IFC_YK_COMBO_4.DAT#0<->PAUSEMENU/TEX/IFC_YK_COMBO_4.DAT#0
PAIR	PAUSEMENU/TEX/ifc_yk_config.dat	0	PAUSEMENU/TEX/IFC_YK_CONFIG.DAT	0	PAUSEMENU/TEX/IFC_YK_CONFIG.DAT#0<->PAUSEMENU/TEX/IFC_YK_CONFIG.DAT#0
PAIR	PAUSEMENU/TEX/ifc_yk_COUNTER.dat	0	PAUSEMENU/TEX/IFC_YK_COUNTER.DAT	0	PAUSEMENU/TEX/IFC_YK_COUNTER.DAT#0<->PAUSEMENU/TEX/IFC_YK_COUNTER.DAT#0
PAIR	PAUSEMENU/TEX/ifc_yk_DMG_INC_1.dat	0	PAUSEMENU/TEX/IFC_YK_DMG_INC_1.DAT	0	PAUSEMENU/TEX/IFC_YK_DMG_INC_1.DAT#0<->PAUSEMENU/TEX/IFC_YK_DMG_INC_1.DAT#0
PAIR	PAUSEMENU/TEX/ifc_yk_DMG_INC_2.dat	0	PAUSEMENU/TEX/IFC_YK_DMG_INC_2.DAT	0	PAUSEMENU/TEX/IFC_YK_DMG_INC_2.DAT#0<->PAUSEMENU/TEX/IFC_YK_DMG_INC_2.DAT#0
PAIR	PAUSEMENU/TEX/ifc_yk_DMG_RESIST_1.dat	0	PAUSEMENU/TEX/IFC_YK_DMG_RESIST_1.DAT	0	PAUSEMENU/TEX/IFC_YK_DMG_RESIST_1.DAT#0<->PAUSEMENU/TEX/IFC_YK_DMG_RESIST_1.DAT#0
PAIR	PAUSEMENU/TEX/ifc_yk_DMG_RESIST_2.dat	0	PAUSEMENU/TEX/IFC_YK_DMG_RESIST_2.DAT	0	PAUSEMENU/TEX/IFC_YK_DMG_RESIST_2.DAT#0<->PAUSEMENU/TEX/IFC_YK_DMG_RESIST_2.DAT#0
PAIR	PAUSEMENU/TEX/ifc_yk_ESC_1.dat	0	PAUSEMENU/TEX/IFC_YK_ESC_1.DAT	0	PAUSEMENU/TEX/IFC_YK_ESC_1.DAT#0<->PAUSEMENU/TEX/IFC_YK_ESC_1.DAT#0
PAIR	PAUSEMENU/TEX/ifc_yk_ESC_2.dat	0	PAUSEMENU/TEX/IFC_YK_ESC_2.DAT	0	PAUSEMENU/TEX/IFC_YK_ESC_2.DAT#0<->PAUSEMENU/TEX/IFC_YK_ESC_2.DAT#0
PAIR	PAUSEMENU/TEX/ifc_yk_ESC_3.dat	0	PAUSEMENU/TEX/IFC_YK_ESC_3.DAT	0	PAUSEMENU/TEX/IFC_YK_ESC_3.DAT#0<->PAUSEMENU/TEX/IFC_YK_ESC_3.DAT#0
PAIR	PAUSEMENU/TEX/ifc_yk_HAJIKI.dat	0	PAUSEMENU/TEX/IFC_YK_HAJIKI.DAT	0	PAUSEMENU/TEX/IFC_YK_HAJIKI.DAT#0<->PAUSEMENU/TEX/IFC_YK_HAJIKI.DAT#0
PAIR	PAUSEMENU/TEX/ifc_yk_HAMMER_UPPER.dat	0	PAUSEMENU/TEX/IFC_YK_HAMMER_UPPER.DAT	0	PAUSEMENU/TEX/IFC_YK_HAMMER_UPPER.DAT#0<->PAUSEMENU/TEX/IFC_YK_HAMMER_UPPER.DAT#0
PAIR	PAUSEMENU/TEX/ifc_yk_HEAT_AUTOUP.dat	0	PAUSEMENU/TEX/IFC_YK_HEAT_AUTOUP.DAT	0	PAUSEMENU/TEX/IFC_YK_HEAT_AUTOUP.DAT#0<->PAUSEMENU/TEX/IFC_YK_HEAT_AUTOUP.DAT#0
PAIR	PAUSEMENU/TEX/ifc_yk_HEAT_DEC_1.dat	0	PAUSEMENU/TEX/IFC_YK_HEAT_DEC_1.DAT	0	PAUSEMENU/TEX/IFC_YK_HEAT_DEC_1.DAT#0<->PAUSEMENU/TEX/IFC_YK_HEAT_DEC_1.DAT#0
PAIR	PAUSEMENU/TEX/ifc_yk_HEAT_DEC_2.dat	0	PAUSEMENU/TEX/IFC_YK_HEAT_DEC_2.DAT	0	PAUSEMENU/TEX/IFC_YK_HEAT_DEC_2.DAT#0<->PAUSEMENU/TEX/IFC_YK_HEAT_DEC_2.DAT#0
PAIR	PAUSEMENU/TEX/ifc_yk_HEAT_THROW.dat	0	PAUSEMENU/TEX/IFC_YK_HEAT_THROW.DAT	0	PAUSEMENU/TEX/IFC_YK_HEAT_THROW.DAT#0<->PAUSEMENU/TEX/IFC_YK_HEAT_THROW.DAT#0
PAIR	PAUSEMENU/TEX/ifc_yk_HOLD_1.dat	0	PAUSEMENU/TEX/IFC_YK_HOLD_1.DAT	0	PAUSEMENU/TEX/IFC_YK_HOLD_1.DAT#0<->PAUSEMENU/TEX/IFC_YK_HOLD_1.DAT#0
PAIR	PAUSEMENU/TEX/ifc_yk_HOLD_2.dat	0	PAUSEMENU/TEX/IFC_YK_HOLD_2.DAT	0	PAUSEMENU/TEX/IFC_YK_HOLD_2.DAT#0<->PAUSEMENU/TEX/IFC_YK_HOLD_2.DAT#0
PAIR	PAUSEMENU/TEX/ifc_yk_HPUP_1.dat	0	PAUSEMENU/TEX/IFC_YK_HPUP_1.DAT	0	PAUSEMENU/TEX/IFC_YK_HPUP_1.DAT#0<->PAUSEMENU/TEX/IFC_YK_HPUP_1.DAT#0
PAIR	PAUSEMENU/TEX/ifc_yk_HPUP_2.dat	0	PAUSEMENU/TEX/IFC_YK_HPUP_2.DAT	0	PAUSEMENU/TEX/IFC_YK_HPUP_2.DAT#0<->PAUSEMENU/TEX/IFC_YK_HPUP_2.DAT#0
PAIR	PAUSEMENU/TEX/ifc_yk_HPUP_3.dat	0	PAUSEMENU/TEX/IFC_YK_HPUP_3.DAT	0	PAUSEMENU/TEX/IFC_YK_HPUP_3.DAT#0<->PAUSEMENU/TEX/IFC_YK_HPUP_3.DAT#0
PAIR	PAUSEMENU/TEX/ifc_yk_HPUP_4.dat	0	PAUSEMENU/TEX/IFC_YK_HPUP_4.DAT	0	PAUSEMENU/TEX/IFC_YK_HPUP_4.DAT#0<->PAUSEMENU/TEX/IFC_YK_HPUP_4.DAT#0
PAIR	PAUSEMENU/TEX/ifc_yk_HPUP_5.dat	0	PAUSEMENU/TEX/IFC_YK_HPUP_5.DAT	0	PAUSEMENU/TEX/IFC_YK_HPUP_5.DAT#0<->PAUSEMENU/TEX/IFC_YK_HPUP_5.DAT#0
PAIR	PAUSEMENU/TEX/ifc_yk_HPUP_6.dat	0	PAUSEMENU/TEX/IFC_YK_HPUP_6.DAT	0	PAUSEMENU/TEX/IFC_YK_HPUP_6.DAT#0<->PAUSEMENU/TEX/IFC_YK_HPUP_6.DAT#0
PAIR	PAUSEMENU/TEX/ifc_yk_HPUP_7.dat	0	PAUSEMENU/TEX/IFC_YK_HPUP_7.DAT	0	PAUSEMENU/TEX/IFC_YK_HPUP_7.DAT#0<->PAUSEMENU/TEX/IFC_YK_HPUP_7.DAT#0
PAIR	PAUSEMENU/TEX/ifc_yk_HPUP_8.dat	0	PAUSEMENU/TEX/IFC_YK_HPUP_8.DAT	0	PAUSEMENU/TEX/IFC_YK_HPUP_8.DAT#0<->PAUSEMENU/TEX/IFC_YK_HPUP_8.DAT#0
PAIR	PAUSEMENU/TEX/ifc_yk_HPUP_9.dat	0	PAUSEMENU/TEX/IFC_YK_HPUP_9.DAT	0	PAUSEMENU/TEX/IFC_YK_HPUP_9.DAT#0<->PAUSEMENU/TEX/IFC_YK_HPUP_9.DAT#0
PAIR	PAUSEMENU/TEX/ifc_yk_HPUP_LV02.dat	0	PAUSEMENU/TEX/IFC_YK_HPUP_LV02.DAT	0	PAUSEMENU/TEX/IFC_YK_HPUP_LV02.DAT#0<->PAUSEMENU/TEX/IFC_YK_HPUP_LV02.DAT#0
PAIR	PAUSEMENU/TEX/ifc_yk_HPUP_LV03.dat	0	PAUSEMENU/TEX/IFC_YK_HPUP_LV03.DAT	0	PAUSEMENU/TEX/IFC_YK_HPUP_LV03.DAT#0<->PAUSEMENU/TEX/IFC_YK_HPUP_LV03.DAT#0
PAIR	PAUSEMENU/TEX/ifc_yk_HPUP_LV04.dat	0	PAUSEMENU/TEX/IFC_YK_HPUP_LV04.DAT	0	PAUSEMENU/TEX/IFC_YK_HPUP_LV04.DAT#0<->PAUSEMENU/TEX/IFC_YK_HPUP_LV04.DAT#0
PAIR	PAUSEMENU/TEX/ifc_yk_HPUP_LV05.dat	0	PAUSEMENU/TEX/IFC_YK_HPUP_LV05.DAT	0	PAUSEMENU/TEX/IFC_YK_HPUP_LV05.DAT#0<->PAUSEMENU/TEX/IFC_YK_HPUP_LV05.DAT#0
PAIR	PAUSEMENU/TEX/ifc_yk_HPUP_LV06.dat	0	PAUSEMENU/TEX/IFC_YK_HPUP_LV06.DAT	0	PAUSEMENU/TEX/IFC_YK_HPUP_LV06.DAT#0<->PAUSEMENU/TEX/IFC_YK_HPUP_LV06.DAT#0
PAIR	PAUSEMENU/TEX/ifc_yk_HPUP_LV07.dat	0	PAUSEMENU/TEX/IFC_YK_HPUP_LV07.DAT	0	PAUSEMENU/TEX/IFC_YK_HPUP_LV07.DAT#0<->PAUSEMENU/TEX/IFC_YK_HPUP_LV07.DAT#0
PAIR	PAUSEMENU/TEX/ifc_yk_HPUP_LV08.dat	0	PAUSEMENU/TEX/IFC_YK_HPUP_LV08.DAT	0	PAUSEMENU/TEX/IFC_YK_HPUP_LV08.DAT#0<->PAUSEMENU/TEX/IFC_YK_HPUP_LV08.DAT#0
PAIR	PAUSEMENU/TEX/ifc_yk_HPUP_LV09.dat	0	PAUSEMENU/TEX/IFC_YK_HPUP_LV09.DAT	0	PAUSEMENU/TEX/IFC_YK_HPUP_LV09.DAT#0<->PAUSEMENU/TEX/IFC_YK_HPUP_LV09.DAT#0
PAIR	PAUSEMENU/TEX/ifc_yk_HPUP_LV10.dat	0	PAUSEMENU/TEX/IFC_YK_HPUP_LV10.DAT	0	PAUSEMENU/TEX/IFC_YK_HPUP_LV10.DAT#0<->PAUSEMENU/TEX/IFC_YK_HPUP_LV10.DAT#0
PAIR	PAUSEMENU/TEX/ifc_yk_KATANA.dat	0	PAUSEMENU/TEX/IFC_YK_KATANA.DAT	0	PAUSEMENU/TEX/IFC_YK_KATANA.DAT#0<->PAUSEMENU/TEX/IFC_YK_KATANA.DAT#0
PAIR	PAUSEMENU/TEX/ifc_yk_KICK_BLOW.dat	0	PAUSEMENU/TEX/IFC_YK_KICK_BLOW.DAT	0	PAUSEMENU/TEX/IFC_YK_KICK_BLOW.DAT#0<->PAUSEMENU/TEX/IFC_YK_KICK_BLOW.DAT#0
PAIR	PAUSEMENU/TEX/ifc_yk_KICK_DROP.dat	0	PAUSEMENU/TEX/IFC_YK_KICK_DROP.DAT	0	PAUSEMENU/TEX/IFC_YK_KICK_DROP.DAT#0<->PAUSEMENU/TEX/IFC_YK_KICK_DROP.DAT#0
PAIR	PAUSEMENU/TEX/ifc_yk_KICK_TURN.dat	0	PAUSEMENU/TEX/IFC_YK_KICK_TURN.DAT	0	PAUSEMENU/TEX/IFC_YK_KICK_TURN.DAT#0<->PAUSEMENU/TEX/IFC_YK_KICK_TURN.DAT#0
PAIR	PAUSEMENU/TEX/ifc_yk_MASTER.dat	0	PAUSEMENU/TEX/IFC_YK_MASTER.DAT	0	PAUSEMENU/TEX/IFC_YK_MASTER.DAT#0<->PAUSEMENU/TEX/IFC_YK_MASTER.DAT#0
PAIR	PAUSEMENU/TEX/ifc_yk_PROVOKE.dat	0	PAUSEMENU/TEX/IFC_YK_PROVOKE.DAT	0	PAUSEMENU/TEX/IFC_YK_PROVOKE.DAT#0<->PAUSEMENU/TEX/IFC_YK_PROVOKE.DAT#0
PAIR	PAUSEMENU/TEX/ifc_yk_PROVOKE_2.dat	0	PAUSEMENU/TEX/IFC_YK_PROVOKE_2.DAT	0	PAUSEMENU/TEX/IFC_YK_PROVOKE_2.DAT#0<->PAUSEMENU/TEX/IFC_YK_PROVOKE_2.DAT#0
PAIR	PAUSEMENU/TEX/ifc_yk_question.dat	0	PAUSEMENU/TEX/IFC_YK_QUESTION.DAT	0	PAUSEMENU/TEX/IFC_YK_QUESTION.DAT#0<->PAUSEMENU/TEX/IFC_YK_QUESTION.DAT#0
PAIR	PAUSEMENU/TEX/ifc_yk_result.dat	0	PAUSEMENU/TEX/IFC_YK_RESULT.DAT	0	PAUSEMENU/TEX/IFC_YK_RESULT.DAT#0<->PAUSEMENU/TEX/IFC_YK_RESULT.DAT#0
PAIR	PAUSEMENU/TEX/ifc_yk_soukanzu.dat	0	PAUSEMENU/TEX/IFC_YK_SOUKANZU.DAT	0	PAUSEMENU/TEX/IFC_YK_SOUKANZU.DAT#0<->PAUSEMENU/TEX/IFC_YK_SOUKANZU.DAT#0
PAIR	PAUSEMENU/TEX/ifc_yk_STANDUP_2.dat	0	PAUSEMENU/TEX/IFC_YK_STANDUP_2.DAT	0	PAUSEMENU/TEX/IFC_YK_STANDUP_2.DAT#0<->PAUSEMENU/TEX/IFC_YK_STANDUP_2.DAT#0
PAIR	PAUSEMENU/TEX/ifc_yk_status01.dat	0	PAUSEMENU/TEX/IFC_YK_STATUS01.DAT	0	PAUSEMENU/TEX/IFC_YK_STATUS01.DAT#0<->PAUSEMENU/TEX/IFC_YK_STATUS01.DAT#0
PAIR	PAUSEMENU/TEX/ifc_yk_status02.dat	0	PAUSEMENU/TEX/IFC_YK_STATUS02.DAT	0	PAUSEMENU/TEX/IFC_YK_STATUS02.DAT#0<->PAUSEMENU/TEX/IFC_YK_STATUS02.DAT#0
PAIR	PAUSEMENU/TEX/ifc_yk_SWAY_1.dat	0	PAUSEMENU/TEX/IFC_YK_SWAY_1.DAT	0	PAUSEMENU/TEX/IFC_YK_SWAY_1.DAT#0<->PAUSEMENU/TEX/IFC_YK_SWAY_1.DAT#0
PAIR	PAUSEMENU/TEX/ifc_yk_SWAY_2.dat	0	PAUSEMENU/TEX/IFC_YK_SWAY_2.DAT	0	PAUSEMENU/TEX/IFC_YK_SWAY_2.DAT#0<->PAUSEMENU/TEX/IFC_YK_SWAY_2.DAT#0
PAIR	PAUSEMENU/TEX/ifc_yk_SWAY_ATTACK.dat	0	PAUSEMENU/TEX/IFC_YK_SWAY_ATTACK.DAT	0	PAUSEMENU/TEX/IFC_YK_SWAY_ATTACK.DAT#0<->PAUSEMENU/TEX/IFC_YK_SWAY_ATTACK.DAT#0
PAIR	PAUSEMENU/TEX/ifc_yk_S_BLOW_TURN.dat	0	PAUSEMENU/TEX/IFC_YK_S_BLOW_TURN.DAT	0	PAUSEMENU/TEX/IFC_YK_S_BLOW_TURN.DAT#0<->PAUSEMENU/TEX/IFC_YK_S_BLOW_TURN.DAT#0
PAIR	PAUSEMENU/TEX/ifc_yk_S_COUNTER.dat	0	PAUSEMENU/TEX/IFC_YK_S_COUNTER.DAT	0	PAUSEMENU/TEX/IFC_YK_S_COUNTER.DAT#0<->PAUSEMENU/TEX/IFC_YK_S_COUNTER.DAT#0
PAIR	PAUSEMENU/TEX/ifc_yk_S_HAJIKI.dat	0	PAUSEMENU/TEX/IFC_YK_S_HAJIKI.DAT	0	PAUSEMENU/TEX/IFC_YK_S_HAJIKI.DAT#0<->PAUSEMENU/TEX/IFC_YK_S_HAJIKI.DAT#0
PAIR	PAUSEMENU/TEX/ifc_yk_S_KATANA.dat	0	PAUSEMENU/TEX/IFC_YK_S_KATANA.DAT	0	PAUSEMENU/TEX/IFC_YK_S_KATANA.DAT#0<->PAUSEMENU/TEX/IFC_YK_S_KATANA.DAT#0
PAIR	PAUSEMENU/TEX/ifc_yk_S_KICK_TURN.dat	0	PAUSEMENU/TEX/IFC_YK_S_KICK_TURN.DAT	0	PAUSEMENU/TEX/IFC_YK_S_KICK_TURN.DAT#0<->PAUSEMENU/TEX/IFC_YK_S_KICK_TURN.DAT#0
PAIR	PAUSEMENU/TEX/ifc_yk_S_MASTER.dat	0	PAUSEMENU/TEX/IFC_YK_S_MASTER.DAT	0	PAUSEMENU/TEX/IFC_YK_S_MASTER.DAT#0<->PAUSEMENU/TEX/IFC_YK_S_MASTER.DAT#0
PAIR	PAUSEMENU/TEX/ifc_yk_S_SWAY_ATTACK.dat	0	PAUSEMENU/TEX/IFC_YK_S_SWAY_ATTACK.DAT	0	PAUSEMENU/TEX/IFC_YK_S_SWAY_ATTACK.DAT#0<->PAUSEMENU/TEX/IFC_YK_S_SWAY_ATTACK.DAT#0
PAIR	PAUSEMENU/TEX/ifc_yk_S_TEPPEKI.dat	0	PAUSEMENU/TEX/IFC_YK_S_TEPPEKI.DAT	0	PAUSEMENU/TEX/IFC_YK_S_TEPPEKI.DAT#0<->PAUSEMENU/TEX/IFC_YK_S_TEPPEKI.DAT#0
PAIR	PAUSEMENU/TEX/ifc_yk_S_UKEMI.dat	0	PAUSEMENU/TEX/IFC_YK_S_UKEMI.DAT	0	PAUSEMENU/TEX/IFC_YK_S_UKEMI.DAT#0<->PAUSEMENU/TEX/IFC_YK_S_UKEMI.DAT#0
PAIR	PAUSEMENU/TEX/ifc_yk_S_UKENAGASHI.dat	0	PAUSEMENU/TEX/IFC_YK_S_UKENAGASHI.DAT	0	PAUSEMENU/TEX/IFC_YK_S_UKENAGASHI.DAT#0<->PAUSEMENU/TEX/IFC_YK_S_UKENAGASHI.DAT#0
PAIR	PAUSEMENU/TEX/ifc_yk_TEPPEKI.dat	0	PAUSEMENU/TEX/IFC_YK_TEPPEKI.DAT	0	PAUSEMENU/TEX/IFC_YK_TEPPEKI.DAT#0<->PAUSEMENU/TEX/IFC_YK_TEPPEKI.DAT#0
PAIR	PAUSEMENU/TEX/ifc_yk_THROW_UP_GS.dat	0	PAUSEMENU/TEX/IFC_YK_THROW_UP_GS.DAT	0	PAUSEMENU/TEX/IFC_YK_THROW_UP_GS.DAT#0<->PAUSEMENU/TEX/IFC_YK_THROW_UP_GS.DAT#0
PAIR	PAUSEMENU/TEX/ifc_yk_tougi_back0.dat	0	PAUSEMENU/TEX/IFC_YK_TOUGI_BACK0.DAT	0	PAUSEMENU/TEX/IFC_YK_TOUGI_BACK0.DAT#0<->PAUSEMENU/TEX/IFC_YK_TOUGI_BACK0.DAT#0
PAIR	PAUSEMENU/TEX/ifc_yk_tougi_back1.dat	0	PAUSEMENU/TEX/IFC_YK_TOUGI_BACK1.DAT	0	PAUSEMENU/TEX/IFC_YK_TOUGI_BACK1.DAT#0<->PAUSEMENU/TEX/IFC_YK_TOUGI_BACK1.DAT#0
PAIR	PAUSEMENU/TEX/ifc_yk_UKEMI.dat	0	PAUSEMENU/TEX/IFC_YK_UKEMI.DAT	0	PAUSEMENU/TEX/IFC_YK_UKEMI.DAT#0<->PAUSEMENU/TEX/IFC_YK_UKEMI.DAT#0
PAIR	PAUSEMENU/TEX/ifc_yk_UKENAGASHI.dat	0	PAUSEMENU/TEX/IFC_YK_UKENAGASHI.DAT	0	PAUSEMENU/TEX/IFC_YK_UKENAGASHI.DAT#0<->PAUSEMENU/TEX/IFC_YK_UKENAGASHI.DAT#0
PAIR	PAUSEMENU/TEX/ifc_yk_ultimate_back.dat	0	PAUSEMENU/TEX/IFC_YK_ULTIMATE_BACK.DAT	0	PAUSEMENU/TEX/IFC_YK_ULTIMATE_BACK.DAT#0<->PAUSEMENU/TEX/IFC_YK_ULTIMATE_BACK.DAT#0
PAIR	PAUSEMENU/TEX/ifc_yk_YACT_DOWN_ATK.dat	0	PAUSEMENU/TEX/IFC_YK_YACT_DOWN_ATK.DAT	0	PAUSEMENU/TEX/IFC_YK_YACT_DOWN_ATK.DAT#0<->PAUSEMENU/TEX/IFC_YK_YACT_DOWN_ATK.DAT#0
PAIR	PAUSEMENU/TEX/ifc_yk_YACT_WEAPON.dat	0	PAUSEMENU/TEX/IFC_YK_YACT_WEAPON.DAT	0	PAUSEMENU/TEX/IFC_YK_YACT_WEAPON.DAT#0<->PAUSEMENU/TEX/IFC_YK_YACT_WEAPON.DAT#0
PAIR	PAUSEMENU/TEX/ifc_yk_ZUTSUKI.dat	0	PAUSEMENU/TEX/IFC_YK_ZUTSUKI.DAT	0	PAUSEMENU/TEX/IFC_YK_ZUTSUKI.DAT#0<->PAUSEMENU/TEX/IFC_YK_ZUTSUKI.DAT#0
PAIR	PAUSEMENU/TEX/italy_watch.dat	0	PAUSEMENU/TEX/ITALY_WATCH.DAT	0	PAUSEMENU/TEX/ITALY_WATCH.DAT#0<->PAUSEMENU/TEX/ITALY_WATCH.DAT#0
PAIR	PAUSEMENU/TEX/jackdaniel.dat	0	PAUSEMENU/TEX/JACKDANIEL.DAT	0	PAUSEMENU/TEX/JACKDANIEL.DAT#0<->PAUSEMENU/TEX/JACKDANIEL.DAT#0
PAIR	PAUSEMENU/TEX/jack_daniel.dat	0	PAUSEMENU/TEX/JACK_DANIEL.DAT	0	PAUSEMENU/TEX/JACK_DANIEL.DAT#0<->PAUSEMENU/TEX/JACK_DANIEL.DAT#0
PAIR	PAUSEMENU/TEX/jinguu.dat	0	PAUSEMENU/TEX/JINGUU.DAT	0	PAUSEMENU/TEX/JINGUU.DAT#0<->PAUSEMENU/TEX/JINGUU.DAT#0
PAIR	PAUSEMENU/TEX/jingu_watch.dat	0	PAUSEMENU/TEX/JINGU_WATCH.DAT	0	PAUSEMENU/TEX/JINGU_WATCH.DAT#0<->PAUSEMENU/TEX/JINGU_WATCH.DAT#0
PAIR	PAUSEMENU/TEX/jyuzu.dat	0	PAUSEMENU/TEX/JYUZU.DAT	0	PAUSEMENU/TEX/JYUZU.DAT#0<->PAUSEMENU/TEX/JYUZU.DAT#0
PAIR	PAUSEMENU/TEX/kasiwagi.dat	0	PAUSEMENU/TEX/KASIWAGI.DAT	0	PAUSEMENU/TEX/KASIWAGI.DAT#0<->PAUSEMENU/TEX/KASIWAGI.DAT#0
PAIR	PAUSEMENU/TEX/kawarimi_carrot.dat	0	PAUSEMENU/TEX/KAWARIMI_CARROT.DAT	0	PAUSEMENU/TEX/KAWARIMI_CARROT.DAT#0<->PAUSEMENU/TEX/KAWARIMI_CARROT.DAT#0
PAIR	PAUSEMENU/TEX/kazama01.dat	0	PAUSEMENU/TEX/KAZAMA01.DAT	0	PAUSEMENU/TEX/KAZAMA01.DAT#0<->PAUSEMENU/TEX/KAZAMA01.DAT#0
PAIR	PAUSEMENU/TEX/kazama02.dat	0	PAUSEMENU/TEX/KAZAMA02.DAT	0	PAUSEMENU/TEX/KAZAMA02.DAT#0<->PAUSEMENU/TEX/KAZAMA02.DAT#0
PAIR	PAUSEMENU/TEX/kazama_letter.dat	0	PAUSEMENU/TEX/KAZAMA_LETTER.DAT	0	PAUSEMENU/TEX/KAZAMA_LETTER.DAT#0<->PAUSEMENU/TEX/KAZAMA_LETTER.DAT#0
PAIR	PAUSEMENU/TEX/kazama_letter_l.dat	0	PAUSEMENU/TEX/KAZAMA_LETTER_L.DAT	0	PAUSEMENU/TEX/KAZAMA_LETTER_L.DAT#0<->PAUSEMENU/TEX/KAZAMA_LETTER_L.DAT#0
PAIR	PAUSEMENU/TEX/kazuki.dat	0	PAUSEMENU/TEX/KAZUKI.DAT	0	PAUSEMENU/TEX/KAZUKI.DAT#0<->PAUSEMENU/TEX/KAZUKI.DAT#0
PAIR	PAUSEMENU/TEX/kenka_sarashi.dat	0	PAUSEMENU/TEX/KENKA_SARASHI.DAT	0	PAUSEMENU/TEX/KENKA_SARASHI.DAT#0<->PAUSEMENU/TEX/KENKA_SARASHI.DAT#0
PAIR	PAUSEMENU/TEX/kiryuu.dat	0	PAUSEMENU/TEX/KIRYUU.DAT	0	PAUSEMENU/TEX/KIRYUU.DAT#0<->PAUSEMENU/TEX/KIRYUU.DAT#0
PAIR	PAUSEMENU/TEX/kiryu_nigaoe.dat	0	PAUSEMENU/TEX/KIRYU_NIGAOE.DAT	0	PAUSEMENU/TEX/KIRYU_NIGAOE.DAT#0<->PAUSEMENU/TEX/KIRYU_NIGAOE.DAT#0
PAIR	PAUSEMENU/TEX/kiryu_nigaoe_l.dat	0	PAUSEMENU/TEX/KIRYU_NIGAOE_L.DAT	0	PAUSEMENU/TEX/KIRYU_NIGAOE_L.DAT#0<->PAUSEMENU/TEX/KIRYU_NIGAOE_L.DAT#0
PAIR	PAUSEMENU/TEX/kodai_makimono.dat	0	PAUSEMENU/TEX/KODAI_MAKIMONO.DAT	0	PAUSEMENU/TEX/KODAI_MAKIMONO.DAT#0<->PAUSEMENU/TEX/KODAI_MAKIMONO.DAT#0
PAIR	PAUSEMENU/TEX/komaki_memo.dat	0	PAUSEMENU/TEX/KOMAKI_MEMO.DAT	0	PAUSEMENU/TEX/KOMAKI_MEMO.DAT#0<->PAUSEMENU/TEX/KOMAKI_MEMO.DAT#0
PAIR	PAUSEMENU/TEX/komaki_memo_l.dat	0	PAUSEMENU/TEX/KOMAKI_MEMO_L.DAT	0	PAUSEMENU/TEX/KOMAKI_MEMO_L.DAT#0<->PAUSEMENU/TEX/KOMAKI_MEMO_L.DAT#0
PAIR	PAUSEMENU/TEX/kousui_a.dat	0	PAUSEMENU/TEX/KOUSUI_A.DAT	0	PAUSEMENU/TEX/KOUSUI_A.DAT#0<->PAUSEMENU/TEX/KOUSUI_A.DAT#0
PAIR	PAUSEMENU/TEX/kousui_b.dat	0	PAUSEMENU/TEX/KOUSUI_B.DAT	0	PAUSEMENU/TEX/KOUSUI_B.DAT#0<->PAUSEMENU/TEX/KOUSUI_B.DAT#0
PAIR	PAUSEMENU/TEX/kudoki_zenshu.dat	0	PAUSEMENU/TEX/KUDOKI_ZENSHU.DAT	0	PAUSEMENU/TEX/KUDOKI_ZENSHU.DAT#0<->PAUSEMENU/TEX/KUDOKI_ZENSHU.DAT#0
PAIR	PAUSEMENU/TEX/kyogetsu_green.dat	0	PAUSEMENU/TEX/KYOGETSU_GREEN.DAT	0	PAUSEMENU/TEX/KYOGETSU_GREEN.DAT#0<->PAUSEMENU/TEX/KYOGETSU_GREEN.DAT#0
PAIR	PAUSEMENU/TEX/kyoka_ring.dat	0	PAUSEMENU/TEX/KYOKA_RING.DAT	0	PAUSEMENU/TEX/KYOKA_RING.DAT#0<->PAUSEMENU/TEX/KYOKA_RING.DAT#0
PAIR	PAUSEMENU/TEX/kyo_sarashi.dat	0	PAUSEMENU/TEX/KYO_SARASHI.DAT	0	PAUSEMENU/TEX/KYO_SARASHI.DAT#0<->PAUSEMENU/TEX/KYO_SARASHI.DAT#0
PAIR	PAUSEMENU/TEX/ladysbag.dat	0	PAUSEMENU/TEX/LADYSBAG.DAT	0	PAUSEMENU/TEX/LADYSBAG.DAT#0<->PAUSEMENU/TEX/LADYSBAG.DAT#0
PAIR	PAUSEMENU/TEX/leeklady_painting.dat	0	PAUSEMENU/TEX/LEEKLADY_PAINTING.DAT	0	PAUSEMENU/TEX/LEEKLADY_PAINTING.DAT#0<->PAUSEMENU/TEX/LEEKLADY_PAINTING.DAT#0
PAIR	PAUSEMENU/TEX/leeklady_painting_l.dat	0	PAUSEMENU/TEX/LEEKLADY_PAINTING_L.DAT	0	PAUSEMENU/TEX/LEEKLADY_PAINTING_L.DAT#0<->PAUSEMENU/TEX/LEEKLADY_PAINTING_L.DAT#0
PAIR	PAUSEMENU/TEX/lifestone.dat	0	PAUSEMENU/TEX/LIFESTONE.DAT	0	PAUSEMENU/TEX/LIFESTONE.DAT#0<->PAUSEMENU/TEX/LIFESTONE.DAT#0
PAIR	PAUSEMENU/TEX/life_liquid.dat	0	PAUSEMENU/TEX/LIFE_LIQUID.DAT	0	PAUSEMENU/TEX/LIFE_LIQUID.DAT#0<->PAUSEMENU/TEX/LIFE_LIQUID.DAT#0
PAIR	PAUSEMENU/TEX/lily_bunch.dat	0	PAUSEMENU/TEX/LILY_BUNCH.DAT	0	PAUSEMENU/TEX/LILY_BUNCH.DAT#0<->PAUSEMENU/TEX/LILY_BUNCH.DAT#0
PAIR	PAUSEMENU/TEX/limit_liquid.dat	0	PAUSEMENU/TEX/LIMIT_LIQUID.DAT	0	PAUSEMENU/TEX/LIMIT_LIQUID.DAT#0<->PAUSEMENU/TEX/LIMIT_LIQUID.DAT#0
PAIR	PAUSEMENU/TEX/locker_key.dat	0	PAUSEMENU/TEX/LOCKER_KEY.DAT	0	PAUSEMENU/TEX/LOCKER_KEY.DAT#0<->PAUSEMENU/TEX/LOCKER_KEY.DAT#0
PAIR	PAUSEMENU/TEX/locker_key_l.dat	0	PAUSEMENU/TEX/LOCKER_KEY_L.DAT	0	PAUSEMENU/TEX/LOCKER_KEY_L.DAT#0<->PAUSEMENU/TEX/LOCKER_KEY_L.DAT#0
PAIR	PAUSEMENU/TEX/lucky_strap.dat	0	PAUSEMENU/TEX/LUCKY_STRAP.DAT	0	PAUSEMENU/TEX/LUCKY_STRAP.DAT#0<->PAUSEMENU/TEX/LUCKY_STRAP.DAT#0
PAIR	PAUSEMENU/TEX/mackaran.dat	0	PAUSEMENU/TEX/MACKARAN.DAT	0	PAUSEMENU/TEX/MACKARAN.DAT#0<->PAUSEMENU/TEX/MACKARAN.DAT#0
PAIR	PAUSEMENU/TEX/magic_robe.dat	0	PAUSEMENU/TEX/MAGIC_ROBE.DAT	0	PAUSEMENU/TEX/MAGIC_ROBE.DAT#0<->PAUSEMENU/TEX/MAGIC_ROBE.DAT#0
PAIR	PAUSEMENU/TEX/majima.dat	0	PAUSEMENU/TEX/MAJIMA.DAT	0	PAUSEMENU/TEX/MAJIMA.DAT#0<->PAUSEMENU/TEX/MAJIMA.DAT#0
PAIR	PAUSEMENU/TEX/majima_note.dat	0	PAUSEMENU/TEX/MAJIMA_NOTE.DAT	0	PAUSEMENU/TEX/MAJIMA_NOTE.DAT#0<->PAUSEMENU/TEX/MAJIMA_NOTE.DAT#0
PAIR	PAUSEMENU/TEX/majima_note_l.dat	0	PAUSEMENU/TEX/MAJIMA_NOTE_L.DAT	0	PAUSEMENU/TEX/MAJIMA_NOTE_L.DAT#0<->PAUSEMENU/TEX/MAJIMA_NOTE_L.DAT#0
PAIR	PAUSEMENU/TEX/malts_bottle.dat	0	PAUSEMENU/TEX/MALTS_BOTTLE.DAT	0	PAUSEMENU/TEX/MALTS_BOTTLE.DAT#0<->PAUSEMENU/TEX/MALTS_BOTTLE.DAT#0
PAIR	PAUSEMENU/TEX/malts_can.dat	0	PAUSEMENU/TEX/MALTS_CAN.DAT	0	PAUSEMENU/TEX/MALTS_CAN.DAT#0<->PAUSEMENU/TEX/MALTS_CAN.DAT#0
PAIR	PAUSEMENU/TEX/manicure.dat	0	PAUSEMENU/TEX/MANICURE.DAT	0	PAUSEMENU/TEX/MANICURE.DAT#0<->PAUSEMENU/TEX/MANICURE.DAT#0
PAIR	PAUSEMENU/TEX/match.dat	0	PAUSEMENU/TEX/MATCH.DAT	0	PAUSEMENU/TEX/MATCH.DAT#0<->PAUSEMENU/TEX/MATCH.DAT#0
PAIR	PAUSEMENU/TEX/mensbag.dat	0	PAUSEMENU/TEX/MENSBAG.DAT	0	PAUSEMENU/TEX/MENSBAG.DAT#0<->PAUSEMENU/TEX/MENSBAG.DAT#0
PAIR	PAUSEMENU/TEX/missionFail.dat	0	PAUSEMENU/TEX/MISSIONFAIL.DAT	0	PAUSEMENU/TEX/MISSIONFAIL.DAT#0<->PAUSEMENU/TEX/MISSIONFAIL.DAT#0
PAIR	PAUSEMENU/TEX/missionSucc.dat	0	PAUSEMENU/TEX/MISSIONSUCC.DAT	0	PAUSEMENU/TEX/MISSIONSUCC.DAT#0<->PAUSEMENU/TEX/MISSIONSUCC.DAT#0
PAIR	PAUSEMENU/TEX/mizuki.dat	0	PAUSEMENU/TEX/MIZUKI.DAT	0	PAUSEMENU/TEX/MIZUKI.DAT#0<->PAUSEMENU/TEX/MIZUKI.DAT#0
PAIR	PAUSEMENU/TEX/mizuki_photo.dat	0	PAUSEMENU/TEX/MIZUKI_PHOTO.DAT	0	PAUSEMENU/TEX/MIZUKI_PHOTO.DAT#0<->PAUSEMENU/TEX/MIZUKI_PHOTO.DAT#0
PAIR	PAUSEMENU/TEX/mizuki_photo_l.dat	0	PAUSEMENU/TEX/MIZUKI_PHOTO_L.DAT	0	PAUSEMENU/TEX/MIZUKI_PHOTO_L.DAT#0<->PAUSEMENU/TEX/MIZUKI_PHOTO_L.DAT#0
PAIR	PAUSEMENU/TEX/mogusa.dat	0	PAUSEMENU/TEX/MOGUSA.DAT	0	PAUSEMENU/TEX/MOGUSA.DAT#0<->PAUSEMENU/TEX/MOGUSA.DAT#0
PAIR	PAUSEMENU/TEX/monogram_bag.dat	0	PAUSEMENU/TEX/MONOGRAM_BAG.DAT	0	PAUSEMENU/TEX/MONOGRAM_BAG.DAT#0<->PAUSEMENU/TEX/MONOGRAM_BAG.DAT#0
PAIR	PAUSEMENU/TEX/moshou.dat	0	PAUSEMENU/TEX/MOSHOU.DAT	0	PAUSEMENU/TEX/MOSHOU.DAT#0<->PAUSEMENU/TEX/MOSHOU.DAT#0
PAIR	PAUSEMENU/TEX/moteai.dat	0	PAUSEMENU/TEX/MOTEAI.DAT	0	PAUSEMENU/TEX/MOTEAI.DAT#0<->PAUSEMENU/TEX/MOTEAI.DAT#0
PAIR	PAUSEMENU/TEX/nazo.dat	0	PAUSEMENU/TEX/NAZO.DAT	0	PAUSEMENU/TEX/NAZO.DAT#0<->PAUSEMENU/TEX/NAZO.DAT#0
PAIR	PAUSEMENU/TEX/nikuman.dat	0	PAUSEMENU/TEX/NIKUMAN.DAT	0	PAUSEMENU/TEX/NIKUMAN.DAT#0<->PAUSEMENU/TEX/NIKUMAN.DAT#0
PAIR	PAUSEMENU/TEX/nishiki_hat.dat	0	PAUSEMENU/TEX/NISHIKI_HAT.DAT	0	PAUSEMENU/TEX/NISHIKI_HAT.DAT#0<->PAUSEMENU/TEX/NISHIKI_HAT.DAT#0
PAIR	PAUSEMENU/TEX/nisikiyama01.dat	0	PAUSEMENU/TEX/NISIKIYAMA01.DAT	0	PAUSEMENU/TEX/NISIKIYAMA01.DAT#0<->PAUSEMENU/TEX/NISIKIYAMA01.DAT#0
PAIR	PAUSEMENU/TEX/nisikiyama02.dat	0	PAUSEMENU/TEX/NISIKIYAMA02.DAT	0	PAUSEMENU/TEX/NISIKIYAMA02.DAT#0<->PAUSEMENU/TEX/NISIKIYAMA02.DAT#0
PAIR	PAUSEMENU/TEX/oden.dat	0	PAUSEMENU/TEX/ODEN.DAT	0	PAUSEMENU/TEX/ODEN.DAT#0<->PAUSEMENU/TEX/ODEN.DAT#0
PAIR	PAUSEMENU/TEX/ogre_sarashi.dat	0	PAUSEMENU/TEX/OGRE_SARASHI.DAT	0	PAUSEMENU/TEX/OGRE_SARASHI.DAT#0<->PAUSEMENU/TEX/OGRE_SARASHI.DAT#0
PAIR	PAUSEMENU/TEX/old_coat.dat	0	PAUSEMENU/TEX/OLD_COAT.DAT	0	PAUSEMENU/TEX/OLD_COAT.DAT#0<->PAUSEMENU/TEX/OLD_COAT.DAT#0
PAIR	PAUSEMENU/TEX/onigiri.dat	0	PAUSEMENU/TEX/ONIGIRI.DAT	0	PAUSEMENU/TEX/ONIGIRI.DAT#0<->PAUSEMENU/TEX/ONIGIRI.DAT#0
PAIR	PAUSEMENU/TEX/ontheboat_painting.dat	0	PAUSEMENU/TEX/ONTHEBOAT_PAINTING.DAT	0	PAUSEMENU/TEX/ONTHEBOAT_PAINTING.DAT#0<->PAUSEMENU/TEX/ONTHEBOAT_PAINTING.DAT#0
PAIR	PAUSEMENU/TEX/ontheboat_painting_l.dat	0	PAUSEMENU/TEX/ONTHEBOAT_PAINTING_L.DAT	0	PAUSEMENU/TEX/ONTHEBOAT_PAINTING_L.DAT#0<->PAUSEMENU/TEX/ONTHEBOAT_PAINTING_L.DAT#0
PAIR	PAUSEMENU/TEX/pachislo_medal.dat	0	PAUSEMENU/TEX/PACHISLO_MEDAL.DAT	0	PAUSEMENU/TEX/PACHISLO_MEDAL.DAT#0<->PAUSEMENU/TEX/PACHISLO_MEDAL.DAT#0
PAIR	PAUSEMENU/TEX/pachislo_medal_l.dat	0	PAUSEMENU/TEX/PACHISLO_MEDAL_L.DAT	0	PAUSEMENU/TEX/PACHISLO_MEDAL_L.DAT#0<->PAUSEMENU/TEX/PACHISLO_MEDAL_L.DAT#0
PAIR	PAUSEMENU/TEX/pachisulo_book.dat	0	PAUSEMENU/TEX/PACHISULO_BOOK.DAT	0	PAUSEMENU/TEX/PACHISULO_BOOK.DAT#0<->PAUSEMENU/TEX/PACHISULO_BOOK.DAT#0
PAIR	PAUSEMENU/TEX/pair_mag.dat	0	PAUSEMENU/TEX/PAIR_MAG.DAT	0	PAUSEMENU/TEX/PAIR_MAG.DAT#0<->PAUSEMENU/TEX/PAIR_MAG.DAT#0
PAIR	PAUSEMENU/TEX/peace_money.dat	0	PAUSEMENU/TEX/PEACE_MONEY.DAT	0	PAUSEMENU/TEX/PEACE_MONEY.DAT#0<->PAUSEMENU/TEX/PEACE_MONEY.DAT#0
PAIR	PAUSEMENU/TEX/peace_money_l.dat	0	PAUSEMENU/TEX/PEACE_MONEY_L.DAT	0	PAUSEMENU/TEX/PEACE_MONEY_L.DAT#0<->PAUSEMENU/TEX/PEACE_MONEY_L.DAT#0
PAIR	PAUSEMENU/TEX/pendant1.dat	0	PAUSEMENU/TEX/PENDANT1.DAT	0	PAUSEMENU/TEX/PENDANT1.DAT#0<->PAUSEMENU/TEX/PENDANT1.DAT#0
PAIR	PAUSEMENU/TEX/pendant1_l.dat	0	PAUSEMENU/TEX/PENDANT1_L.DAT	0	PAUSEMENU/TEX/PENDANT1_L.DAT#0<->PAUSEMENU/TEX/PENDANT1_L.DAT#0
PAIR	PAUSEMENU/TEX/pendant2.dat	0	PAUSEMENU/TEX/PENDANT2.DAT	0	PAUSEMENU/TEX/PENDANT2.DAT#0<->PAUSEMENU/TEX/PENDANT2.DAT#0
PAIR	PAUSEMENU/TEX/pendant2_l.dat	0	PAUSEMENU/TEX/PENDANT2_L.DAT	0	PAUSEMENU/TEX/PENDANT2_L.DAT#0<->PAUSEMENU/TEX/PENDANT2_L.DAT#0
PAIR	PAUSEMENU/TEX/pheromone_perfume.dat	0	PAUSEMENU/TEX/PHEROMONE_PERFUME.DAT	0	PAUSEMENU/TEX/PHEROMONE_PERFUME.DAT#0<->PAUSEMENU/TEX/PHEROMONE_PERFUME.DAT#0
PAIR	PAUSEMENU/TEX/piyo_b.dat	0	PAUSEMENU/TEX/PIYO_B.DAT	0	PAUSEMENU/TEX/PIYO_B.DAT#0<->PAUSEMENU/TEX/PIYO_B.DAT#0
PAIR	PAUSEMENU/TEX/piyo_by.dat	0	PAUSEMENU/TEX/PIYO_BY.DAT	0	PAUSEMENU/TEX/PIYO_BY.DAT#0<->PAUSEMENU/TEX/PIYO_BY.DAT#0
PAIR	PAUSEMENU/TEX/piyo_by_l.dat	0	PAUSEMENU/TEX/PIYO_BY_L.DAT	0	PAUSEMENU/TEX/PIYO_BY_L.DAT#0<->PAUSEMENU/TEX/PIYO_BY_L.DAT#0
PAIR	PAUSEMENU/TEX/piyo_b_l.dat	0	PAUSEMENU/TEX/PIYO_B_L.DAT	0	PAUSEMENU/TEX/PIYO_B_L.DAT#0<->PAUSEMENU/TEX/PIYO_B_L.DAT#0
PAIR	PAUSEMENU/TEX/piyo_p.dat	0	PAUSEMENU/TEX/PIYO_P.DAT	0	PAUSEMENU/TEX/PIYO_P.DAT#0<->PAUSEMENU/TEX/PIYO_P.DAT#0
PAIR	PAUSEMENU/TEX/piyo_p_l.dat	0	PAUSEMENU/TEX/PIYO_P_L.DAT	0	PAUSEMENU/TEX/PIYO_P_L.DAT#0<->PAUSEMENU/TEX/PIYO_P_L.DAT#0
PAIR	PAUSEMENU/TEX/piyo_w.dat	0	PAUSEMENU/TEX/PIYO_W.DAT	0	PAUSEMENU/TEX/PIYO_W.DAT#0<->PAUSEMENU/TEX/PIYO_W.DAT#0
PAIR	PAUSEMENU/TEX/piyo_w_l.dat	0	PAUSEMENU/TEX/PIYO_W_L.DAT	0	PAUSEMENU/TEX/PIYO_W_L.DAT#0<->PAUSEMENU/TEX/PIYO_W_L.DAT#0
PAIR	PAUSEMENU/TEX/piyo_y.dat	0	PAUSEMENU/TEX/PIYO_Y.DAT	0	PAUSEMENU/TEX/PIYO_Y.DAT#0<->PAUSEMENU/TEX/PIYO_Y.DAT#0
PAIR	PAUSEMENU/TEX/piyo_y_l.dat	0	PAUSEMENU/TEX/PIYO_Y_L.DAT	0	PAUSEMENU/TEX/PIYO_Y_L.DAT#0<->PAUSEMENU/TEX/PIYO_Y_L.DAT#0
PAIR	PAUSEMENU/TEX/player_card.dat	0	PAUSEMENU/TEX/PLAYER_CARD.DAT	0	PAUSEMENU/TEX/PLAYER_CARD.DAT#0<->PAUSEMENU/TEX/PLAYER_CARD.DAT#0
PAIR	PAUSEMENU/TEX/poteto.dat	0	PAUSEMENU/TEX/POTETO.DAT	0	PAUSEMENU/TEX/POTETO.DAT#0<->PAUSEMENU/TEX/POTETO.DAT#0
PAIR	PAUSEMENU/TEX/poteto_in.dat	0	PAUSEMENU/TEX/POTETO_IN.DAT	0	PAUSEMENU/TEX/POTETO_IN.DAT#0<->PAUSEMENU/TEX/POTETO_IN.DAT#0
PAIR	PAUSEMENU/TEX/power_stone.dat	0	PAUSEMENU/TEX/POWER_STONE.DAT	0	PAUSEMENU/TEX/POWER_STONE.DAT#0<->PAUSEMENU/TEX/POWER_STONE.DAT#0
PAIR	PAUSEMENU/TEX/protector.dat	0	PAUSEMENU/TEX/PROTECTOR.DAT	0	PAUSEMENU/TEX/PROTECTOR.DAT#0<->PAUSEMENU/TEX/PROTECTOR.DAT#0
PAIR	PAUSEMENU/TEX/pumpkin_painting.dat	0	PAUSEMENU/TEX/PUMPKIN_PAINTING.DAT	0	PAUSEMENU/TEX/PUMPKIN_PAINTING.DAT#0<->PAUSEMENU/TEX/PUMPKIN_PAINTING.DAT#0
PAIR	PAUSEMENU/TEX/pumpkin_painting_l.dat	0	PAUSEMENU/TEX/PUMPKIN_PAINTING_L.DAT	0	PAUSEMENU/TEX/PUMPKIN_PAINTING_L.DAT#0<->PAUSEMENU/TEX/PUMPKIN_PAINTING_L.DAT#0
PAIR	PAUSEMENU/TEX/puppy_stuff.dat	0	PAUSEMENU/TEX/PUPPY_STUFF.DAT	0	PAUSEMENU/TEX/PUPPY_STUFF.DAT#0<->PAUSEMENU/TEX/PUPPY_STUFF.DAT#0
PAIR	PAUSEMENU/TEX/puyo_b.dat	0	PAUSEMENU/TEX/PUYO_B.DAT	0	PAUSEMENU/TEX/PUYO_B.DAT#0<->PAUSEMENU/TEX/PUYO_B.DAT#0
PAIR	PAUSEMENU/TEX/puyo_g.dat	0	PAUSEMENU/TEX/PUYO_G.DAT	0	PAUSEMENU/TEX/PUYO_G.DAT#0<->PAUSEMENU/TEX/PUYO_G.DAT#0
PAIR	PAUSEMENU/TEX/puyo_p.dat	0	PAUSEMENU/TEX/PUYO_P.DAT	0	PAUSEMENU/TEX/PUYO_P.DAT#0<->PAUSEMENU/TEX/PUYO_P.DAT#0
PAIR	PAUSEMENU/TEX/puyo_pi.dat	0	PAUSEMENU/TEX/PUYO_PI.DAT	0	PAUSEMENU/TEX/PUYO_PI.DAT#0<->PAUSEMENU/TEX/PUYO_PI.DAT#0
PAIR	PAUSEMENU/TEX/puyo_r.dat	0	PAUSEMENU/TEX/PUYO_R.DAT	0	PAUSEMENU/TEX/PUYO_R.DAT#0<->PAUSEMENU/TEX/PUYO_R.DAT#0
PAIR	PAUSEMENU/TEX/puyo_y.dat	0	PAUSEMENU/TEX/PUYO_Y.DAT	0	PAUSEMENU/TEX/PUYO_Y.DAT#0<->PAUSEMENU/TEX/PUYO_Y.DAT#0
PAIR	PAUSEMENU/TEX/p_amours_bracelet.dat	0	PAUSEMENU/TEX/P_AMOURS_BRACELET.DAT	0	PAUSEMENU/TEX/P_AMOURS_BRACELET.DAT#0<->PAUSEMENU/TEX/P_AMOURS_BRACELET.DAT#0
PAIR	PAUSEMENU/TEX/p_bag.dat	0	PAUSEMENU/TEX/P_BAG.DAT	0	PAUSEMENU/TEX/P_BAG.DAT#0<->PAUSEMENU/TEX/P_BAG.DAT#0
PAIR	PAUSEMENU/TEX/p_caviar_bag.dat	0	PAUSEMENU/TEX/P_CAVIAR_BAG.DAT	0	PAUSEMENU/TEX/P_CAVIAR_BAG.DAT#0<->PAUSEMENU/TEX/P_CAVIAR_BAG.DAT#0
PAIR	PAUSEMENU/TEX/p_italy_watch.dat	0	PAUSEMENU/TEX/P_ITALY_WATCH.DAT	0	PAUSEMENU/TEX/P_ITALY_WATCH.DAT#0<->PAUSEMENU/TEX/P_ITALY_WATCH.DAT#0
PAIR	PAUSEMENU/TEX/p_kousui_a.dat	0	PAUSEMENU/TEX/P_KOUSUI_A.DAT	0	PAUSEMENU/TEX/P_KOUSUI_A.DAT#0<->PAUSEMENU/TEX/P_KOUSUI_A.DAT#0
PAIR	PAUSEMENU/TEX/p_kousui_b.dat	0	PAUSEMENU/TEX/P_KOUSUI_B.DAT	0	PAUSEMENU/TEX/P_KOUSUI_B.DAT#0<->PAUSEMENU/TEX/P_KOUSUI_B.DAT#0
PAIR	PAUSEMENU/TEX/p_monogram_bag.dat	0	PAUSEMENU/TEX/P_MONOGRAM_BAG.DAT	0	PAUSEMENU/TEX/P_MONOGRAM_BAG.DAT#0<->PAUSEMENU/TEX/P_MONOGRAM_BAG.DAT#0
PAIR	PAUSEMENU/TEX/p_pheromone_perfume.dat	0	PAUSEMENU/TEX/P_PHEROMONE_PERFUME.DAT	0	PAUSEMENU/TEX/P_PHEROMONE_PERFUME.DAT#0<->PAUSEMENU/TEX/P_PHEROMONE_PERFUME.DAT#0
PAIR	PAUSEMENU/TEX/p_piyo_by.dat	0	PAUSEMENU/TEX/P_PIYO_BY.DAT	0	PAUSEMENU/TEX/P_PIYO_BY.DAT#0<->PAUSEMENU/TEX/P_PIYO_BY.DAT#0
PAIR	PAUSEMENU/TEX/p_staminan_a.dat	0	PAUSEMENU/TEX/P_STAMINAN_A.DAT	0	PAUSEMENU/TEX/P_STAMINAN_A.DAT#0<->PAUSEMENU/TEX/P_STAMINAN_A.DAT#0
PAIR	PAUSEMENU/TEX/p_staminan_b.dat	0	PAUSEMENU/TEX/P_STAMINAN_B.DAT	0	PAUSEMENU/TEX/P_STAMINAN_B.DAT#0<->PAUSEMENU/TEX/P_STAMINAN_B.DAT#0
PAIR	PAUSEMENU/TEX/p_staminan_c2.dat	0	PAUSEMENU/TEX/P_STAMINAN_C2.DAT	0	PAUSEMENU/TEX/P_STAMINAN_C2.DAT#0<->PAUSEMENU/TEX/P_STAMINAN_C2.DAT#0
PAIR	PAUSEMENU/TEX/p_tauriner_a.dat	0	PAUSEMENU/TEX/P_TAURINER_A.DAT	0	PAUSEMENU/TEX/P_TAURINER_A.DAT#0<->PAUSEMENU/TEX/P_TAURINER_A.DAT#0
PAIR	PAUSEMENU/TEX/p_tauriner_b.dat	0	PAUSEMENU/TEX/P_TAURINER_B.DAT	0	PAUSEMENU/TEX/P_TAURINER_B.DAT#0<->PAUSEMENU/TEX/P_TAURINER_B.DAT#0
PAIR	PAUSEMENU/TEX/p_tauriner_c.dat	0	PAUSEMENU/TEX/P_TAURINER_C.DAT	0	PAUSEMENU/TEX/P_TAURINER_C.DAT#0<->PAUSEMENU/TEX/P_TAURINER_C.DAT#0
PAIR	PAUSEMENU/TEX/rau.dat	0	PAUSEMENU/TEX/RAU.DAT	0	PAUSEMENU/TEX/RAU.DAT#0<->PAUSEMENU/TEX/RAU.DAT#0
PAIR	PAUSEMENU/TEX/rau_retsuden.dat	0	PAUSEMENU/TEX/RAU_RETSUDEN.DAT	0	PAUSEMENU/TEX/RAU_RETSUDEN.DAT#0<->PAUSEMENU/TEX/RAU_RETSUDEN.DAT#0
PAIR	PAUSEMENU/TEX/rau_retsuden_l.dat	0	PAUSEMENU/TEX/RAU_RETSUDEN_L.DAT	0	PAUSEMENU/TEX/RAU_RETSUDEN_L.DAT#0<->PAUSEMENU/TEX/RAU_RETSUDEN_L.DAT#0
PAIR	PAUSEMENU/TEX/receipt.dat	0	PAUSEMENU/TEX/RECEIPT.DAT	0	PAUSEMENU/TEX/RECEIPT.DAT#0<->PAUSEMENU/TEX/RECEIPT.DAT#0
PAIR	PAUSEMENU/TEX/red_jewel.dat	0	PAUSEMENU/TEX/RED_JEWEL.DAT	0	PAUSEMENU/TEX/RED_JEWEL.DAT#0<->PAUSEMENU/TEX/RED_JEWEL.DAT#0
PAIR	PAUSEMENU/TEX/red_wine.dat	0	PAUSEMENU/TEX/RED_WINE.DAT	0	PAUSEMENU/TEX/RED_WINE.DAT#0<->PAUSEMENU/TEX/RED_WINE.DAT#0
PAIR	PAUSEMENU/TEX/rena.dat	0	PAUSEMENU/TEX/RENA.DAT	0	PAUSEMENU/TEX/RENA.DAT#0<->PAUSEMENU/TEX/RENA.DAT#0
PAIR	PAUSEMENU/TEX/renamemo.dat	0	PAUSEMENU/TEX/RENAMEMO.DAT	0	PAUSEMENU/TEX/RENAMEMO.DAT#0<->PAUSEMENU/TEX/RENAMEMO.DAT#0
PAIR	PAUSEMENU/TEX/renamemo_l.dat	0	PAUSEMENU/TEX/RENAMEMO_L.DAT	0	PAUSEMENU/TEX/RENAMEMO_L.DAT#0<->PAUSEMENU/TEX/RENAMEMO_L.DAT#0
PAIR	PAUSEMENU/TEX/RETAM0012.dat	0	PAUSEMENU/TEX/RETAM0012.DAT	0	PAUSEMENU/TEX/RETAM0012.DAT#0<->PAUSEMENU/TEX/RETAM0012.DAT#0
PAIR	PAUSEMENU/TEX/ribirth_charm.dat	0	PAUSEMENU/TEX/RIBIRTH_CHARM.DAT	0	PAUSEMENU/TEX/RIBIRTH_CHARM.DAT#0<->PAUSEMENU/TEX/RIBIRTH_CHARM.DAT#0
PAIR	PAUSEMENU/TEX/rokkaku_namecard.dat	0	PAUSEMENU/TEX/ROKKAKU_NAMECARD.DAT	0	PAUSEMENU/TEX/ROKKAKU_NAMECARD.DAT#0<->PAUSEMENU/TEX/ROKKAKU_NAMECARD.DAT#0
PAIR	PAUSEMENU/TEX/rose_bunch.dat	0	PAUSEMENU/TEX/ROSE_BUNCH.DAT	0	PAUSEMENU/TEX/ROSE_BUNCH.DAT#0<->PAUSEMENU/TEX/ROSE_BUNCH.DAT#0
PAIR	PAUSEMENU/TEX/ryugashin.dat	0	PAUSEMENU/TEX/RYUGASHIN.DAT	0	PAUSEMENU/TEX/RYUGASHIN.DAT#0<->PAUSEMENU/TEX/RYUGASHIN.DAT#0
PAIR	PAUSEMENU/TEX/saifu.dat	0	PAUSEMENU/TEX/SAIFU.DAT	0	PAUSEMENU/TEX/SAIFU.DAT#0<->PAUSEMENU/TEX/SAIFU.DAT#0
PAIR	PAUSEMENU/TEX/sake_01.dat	0	PAUSEMENU/TEX/SAKE_01.DAT	0	PAUSEMENU/TEX/SAKE_01.DAT#0<->PAUSEMENU/TEX/SAKE_01.DAT#0
PAIR	PAUSEMENU/TEX/sando.dat	0	PAUSEMENU/TEX/SANDO.DAT	0	PAUSEMENU/TEX/SANDO.DAT#0<->PAUSEMENU/TEX/SANDO.DAT#0
PAIR	PAUSEMENU/TEX/sarashi.dat	0	PAUSEMENU/TEX/SARASHI.DAT	0	PAUSEMENU/TEX/SARASHI.DAT#0<->PAUSEMENU/TEX/SARASHI.DAT#0
PAIR	PAUSEMENU/TEX/sekireisui.dat	0	PAUSEMENU/TEX/SEKIREISUI.DAT	0	PAUSEMENU/TEX/SEKIREISUI.DAT#0<->PAUSEMENU/TEX/SEKIREISUI.DAT#0
PAIR	PAUSEMENU/TEX/sera.dat	0	PAUSEMENU/TEX/SERA.DAT	0	PAUSEMENU/TEX/SERA.DAT#0<->PAUSEMENU/TEX/SERA.DAT#0
PAIR	PAUSEMENU/TEX/sera_will.dat	0	PAUSEMENU/TEX/SERA_WILL.DAT	0	PAUSEMENU/TEX/SERA_WILL.DAT#0<->PAUSEMENU/TEX/SERA_WILL.DAT#0
PAIR	PAUSEMENU/TEX/sera_will_l.dat	0	PAUSEMENU/TEX/SERA_WILL_L.DAT	0	PAUSEMENU/TEX/SERA_WILL_L.DAT#0<->PAUSEMENU/TEX/SERA_WILL_L.DAT#0
PAIR	PAUSEMENU/TEX/set6_ticket.dat	0	PAUSEMENU/TEX/SET6_TICKET.DAT	0	PAUSEMENU/TEX/SET6_TICKET.DAT#0<->PAUSEMENU/TEX/SET6_TICKET.DAT#0
PAIR	PAUSEMENU/TEX/sexal_liquid.dat	0	PAUSEMENU/TEX/SEXAL_LIQUID.DAT	0	PAUSEMENU/TEX/SEXAL_LIQUID.DAT#0<->PAUSEMENU/TEX/SEXAL_LIQUID.DAT#0
PAIR	PAUSEMENU/TEX/shimano_densho.dat	0	PAUSEMENU/TEX/SHIMANO_DENSHO.DAT	0	PAUSEMENU/TEX/SHIMANO_DENSHO.DAT#0<->PAUSEMENU/TEX/SHIMANO_DENSHO.DAT#0
PAIR	PAUSEMENU/TEX/shimano_denshol.dat	0	PAUSEMENU/TEX/SHIMANO_DENSHOL.DAT	0	PAUSEMENU/TEX/SHIMANO_DENSHOL.DAT#0<->PAUSEMENU/TEX/SHIMANO_DENSHOL.DAT#0
PAIR	PAUSEMENU/TEX/shingitai.dat	0	PAUSEMENU/TEX/SHINGITAI.DAT	0	PAUSEMENU/TEX/SHINGITAI.DAT#0<->PAUSEMENU/TEX/SHINGITAI.DAT#0
PAIR	PAUSEMENU/TEX/shingitai_l.dat	0	PAUSEMENU/TEX/SHINGITAI_L.DAT	0	PAUSEMENU/TEX/SHINGITAI_L.DAT#0<->PAUSEMENU/TEX/SHINGITAI_L.DAT#0
PAIR	PAUSEMENU/TEX/shinji.dat	0	PAUSEMENU/TEX/SHINJI.DAT	0	PAUSEMENU/TEX/SHINJI.DAT#0<->PAUSEMENU/TEX/SHINJI.DAT#0
PAIR	PAUSEMENU/TEX/shinji_ring.dat	0	PAUSEMENU/TEX/SHINJI_RING.DAT	0	PAUSEMENU/TEX/SHINJI_RING.DAT#0<->PAUSEMENU/TEX/SHINJI_RING.DAT#0
PAIR	PAUSEMENU/TEX/shinji_ring_l.dat	0	PAUSEMENU/TEX/SHINJI_RING_L.DAT	0	PAUSEMENU/TEX/SHINJI_RING_L.DAT#0<->PAUSEMENU/TEX/SHINJI_RING_L.DAT#0
PAIR	PAUSEMENU/TEX/shutokei_disk.dat	0	PAUSEMENU/TEX/SHUTOKEI_DISK.DAT	0	PAUSEMENU/TEX/SHUTOKEI_DISK.DAT#0<->PAUSEMENU/TEX/SHUTOKEI_DISK.DAT#0
PAIR	PAUSEMENU/TEX/silver_bag.dat	0	PAUSEMENU/TEX/SILVER_BAG.DAT	0	PAUSEMENU/TEX/SILVER_BAG.DAT#0<->PAUSEMENU/TEX/SILVER_BAG.DAT#0
PAIR	PAUSEMENU/TEX/simano.dat	0	PAUSEMENU/TEX/SIMANO.DAT	0	PAUSEMENU/TEX/SIMANO.DAT#0<->PAUSEMENU/TEX/SIMANO.DAT#0
PAIR	PAUSEMENU/TEX/sinji01.dat	0	PAUSEMENU/TEX/SINJI01.DAT	0	PAUSEMENU/TEX/SINJI01.DAT#0<->PAUSEMENU/TEX/SINJI01.DAT#0
PAIR	PAUSEMENU/TEX/sinji02.dat	0	PAUSEMENU/TEX/SINJI02.DAT	0	PAUSEMENU/TEX/SINJI02.DAT#0<->PAUSEMENU/TEX/SINJI02.DAT#0
PAIR	PAUSEMENU/TEX/snack_set.dat	0	PAUSEMENU/TEX/SNACK_SET.DAT	0	PAUSEMENU/TEX/SNACK_SET.DAT#0<->PAUSEMENU/TEX/SNACK_SET.DAT#0
PAIR	PAUSEMENU/TEX/speed_liquid.dat	0	PAUSEMENU/TEX/SPEED_LIQUID.DAT	0	PAUSEMENU/TEX/SPEED_LIQUID.DAT#0<->PAUSEMENU/TEX/SPEED_LIQUID.DAT#0
PAIR	PAUSEMENU/TEX/staminan_a.dat	0	PAUSEMENU/TEX/STAMINAN_A.DAT	0	PAUSEMENU/TEX/STAMINAN_A.DAT#0<->PAUSEMENU/TEX/STAMINAN_A.DAT#0
PAIR	PAUSEMENU/TEX/staminan_b.dat	0	PAUSEMENU/TEX/STAMINAN_B.DAT	0	PAUSEMENU/TEX/STAMINAN_B.DAT#0<->PAUSEMENU/TEX/STAMINAN_B.DAT#0
PAIR	PAUSEMENU/TEX/staminan_c2.dat	0	PAUSEMENU/TEX/STAMINAN_C2.DAT	0	PAUSEMENU/TEX/STAMINAN_C2.DAT#0<->PAUSEMENU/TEX/STAMINAN_C2.DAT#0
PAIR	PAUSEMENU/TEX/staminan_spark.dat	0	PAUSEMENU/TEX/STAMINAN_SPARK.DAT	0	PAUSEMENU/TEX/STAMINAN_SPARK.DAT#0<->PAUSEMENU/TEX/STAMINAN_SPARK.DAT#0
PAIR	PAUSEMENU/TEX/stolenbag.dat	0	PAUSEMENU/TEX/STOLENBAG.DAT	0	PAUSEMENU/TEX/STOLENBAG.DAT#0<->PAUSEMENU/TEX/STOLENBAG.DAT#0
PAIR	PAUSEMENU/TEX/sudou.dat	0	PAUSEMENU/TEX/SUDOU.DAT	0	PAUSEMENU/TEX/SUDOU.DAT#0<->PAUSEMENU/TEX/SUDOU.DAT#0
PAIR	PAUSEMENU/TEX/superman_liquid.dat	0	PAUSEMENU/TEX/SUPERMAN_LIQUID.DAT	0	PAUSEMENU/TEX/SUPERMAN_LIQUID.DAT#0<->PAUSEMENU/TEX/SUPERMAN_LIQUID.DAT#0
PAIR	PAUSEMENU/TEX/sushi_renger.dat	0	PAUSEMENU/TEX/SUSHI_RENGER.DAT	0	PAUSEMENU/TEX/SUSHI_RENGER.DAT#0<->PAUSEMENU/TEX/SUSHI_RENGER.DAT#0
PAIR	PAUSEMENU/TEX/sushi_renger_l.dat	0	PAUSEMENU/TEX/SUSHI_RENGER_L.DAT	0	PAUSEMENU/TEX/SUSHI_RENGER_L.DAT#0<->PAUSEMENU/TEX/SUSHI_RENGER_L.DAT#0
PAIR	PAUSEMENU/TEX/s_alps.dat	0	PAUSEMENU/TEX/S_ALPS.DAT	0	PAUSEMENU/TEX/S_ALPS.DAT#0<->PAUSEMENU/TEX/S_ALPS.DAT#0
PAIR	PAUSEMENU/TEX/s_amino.dat	0	PAUSEMENU/TEX/S_AMINO.DAT	0	PAUSEMENU/TEX/S_AMINO.DAT#0<->PAUSEMENU/TEX/S_AMINO.DAT#0
PAIR	PAUSEMENU/TEX/s_boss.dat	0	PAUSEMENU/TEX/S_BOSS.DAT	0	PAUSEMENU/TEX/S_BOSS.DAT#0<->PAUSEMENU/TEX/S_BOSS.DAT#0
PAIR	PAUSEMENU/TEX/s_deka.dat	0	PAUSEMENU/TEX/S_DEKA.DAT	0	PAUSEMENU/TEX/S_DEKA.DAT#0<->PAUSEMENU/TEX/S_DEKA.DAT#0
PAIR	PAUSEMENU/TEX/s_hotiemon.dat	0	PAUSEMENU/TEX/S_HOTIEMON.DAT	0	PAUSEMENU/TEX/S_HOTIEMON.DAT#0<->PAUSEMENU/TEX/S_HOTIEMON.DAT#0
PAIR	PAUSEMENU/TEX/s_iemon.dat	0	PAUSEMENU/TEX/S_IEMON.DAT	0	PAUSEMENU/TEX/S_IEMON.DAT#0<->PAUSEMENU/TEX/S_IEMON.DAT#0
PAIR	PAUSEMENU/TEX/s_orange.dat	0	PAUSEMENU/TEX/S_ORANGE.DAT	0	PAUSEMENU/TEX/S_ORANGE.DAT#0<->PAUSEMENU/TEX/S_ORANGE.DAT#0
PAIR	PAUSEMENU/TEX/s_vickle.dat	0	PAUSEMENU/TEX/S_VICKLE.DAT	0	PAUSEMENU/TEX/S_VICKLE.DAT#0<->PAUSEMENU/TEX/S_VICKLE.DAT#0
PAIR	PAUSEMENU/TEX/tasogare_video.dat	0	PAUSEMENU/TEX/TASOGARE_VIDEO.DAT	0	PAUSEMENU/TEX/TASOGARE_VIDEO.DAT#0<->PAUSEMENU/TEX/TASOGARE_VIDEO.DAT#0
PAIR	PAUSEMENU/TEX/tauriner_a.dat	0	PAUSEMENU/TEX/TAURINER_A.DAT	0	PAUSEMENU/TEX/TAURINER_A.DAT#0<->PAUSEMENU/TEX/TAURINER_A.DAT#0
PAIR	PAUSEMENU/TEX/tauriner_b.dat	0	PAUSEMENU/TEX/TAURINER_B.DAT	0	PAUSEMENU/TEX/TAURINER_B.DAT#0<->PAUSEMENU/TEX/TAURINER_B.DAT#0
PAIR	PAUSEMENU/TEX/tauriner_c.dat	0	PAUSEMENU/TEX/TAURINER_C.DAT	0	PAUSEMENU/TEX/TAURINER_C.DAT#0<->PAUSEMENU/TEX/TAURINER_C.DAT#0
PAIR	PAUSEMENU/TEX/taxi_ticket.dat	0	PAUSEMENU/TEX/TAXI_TICKET.DAT	0	PAUSEMENU/TEX/TAXI_TICKET.DAT#0<->PAUSEMENU/TEX/TAXI_TICKET.DAT#0
PAIR	PAUSEMENU/TEX/terada.dat	0	PAUSEMENU/TEX/TERADA.DAT	0	PAUSEMENU/TEX/TERADA.DAT#0<->PAUSEMENU/TEX/TERADA.DAT#0
PAIR	PAUSEMENU/TEX/test_soukanzu.dat	0	PAUSEMENU/TEX/TEST_SOUKANZU.DAT	0	PAUSEMENU/TEX/TEST_SOUKANZU.DAT#0<->PAUSEMENU/TEX/TEST_SOUKANZU.DAT#0
PAIR	PAUSEMENU/TEX/tissue.dat	0	PAUSEMENU/TEX/TISSUE.DAT	0	PAUSEMENU/TEX/TISSUE.DAT#0<->PAUSEMENU/TEX/TISSUE.DAT#0
PAIR	PAUSEMENU/TEX/toba_kifuda.dat	0	PAUSEMENU/TEX/TOBA_KIFUDA.DAT	0	PAUSEMENU/TEX/TOBA_KIFUDA.DAT#0<->PAUSEMENU/TEX/TOBA_KIFUDA.DAT#0
PAIR	PAUSEMENU/TEX/toba_kifuda_l.dat	0	PAUSEMENU/TEX/TOBA_KIFUDA_L.DAT	0	PAUSEMENU/TEX/TOBA_KIFUDA_L.DAT#0<->PAUSEMENU/TEX/TOBA_KIFUDA_L.DAT#0
PAIR	PAUSEMENU/TEX/toku_choice.dat	0	PAUSEMENU/TEX/TOKU_CHOICE.DAT	0	PAUSEMENU/TEX/TOKU_CHOICE.DAT#0<->PAUSEMENU/TEX/TOKU_CHOICE.DAT#0
PAIR	PAUSEMENU/TEX/toku_notchoice.dat	0	PAUSEMENU/TEX/TOKU_NOTCHOICE.DAT	0	PAUSEMENU/TEX/TOKU_NOTCHOICE.DAT#0<->PAUSEMENU/TEX/TOKU_NOTCHOICE.DAT#0
PAIR	PAUSEMENU/TEX/tougen_member.dat	0	PAUSEMENU/TEX/TOUGEN_MEMBER.DAT	0	PAUSEMENU/TEX/TOUGEN_MEMBER.DAT#0<->PAUSEMENU/TEX/TOUGEN_MEMBER.DAT#0
PAIR	PAUSEMENU/TEX/tougen_member_l.dat	0	PAUSEMENU/TEX/TOUGEN_MEMBER_L.DAT	0	PAUSEMENU/TEX/TOUGEN_MEMBER_L.DAT#0<->PAUSEMENU/TEX/TOUGEN_MEMBER_L.DAT#0
PAIR	PAUSEMENU/TEX/ufo_ticket.dat	0	PAUSEMENU/TEX/UFO_TICKET.DAT	0	PAUSEMENU/TEX/UFO_TICKET.DAT#0<->PAUSEMENU/TEX/UFO_TICKET.DAT#0
PAIR	PAUSEMENU/TEX/ukon_tablet.dat	0	PAUSEMENU/TEX/UKON_TABLET.DAT	0	PAUSEMENU/TEX/UKON_TABLET.DAT#0<->PAUSEMENU/TEX/UKON_TABLET.DAT#0
PAIR	PAUSEMENU/TEX/urabukiya.dat	0	PAUSEMENU/TEX/URABUKIYA.DAT	0	PAUSEMENU/TEX/URABUKIYA.DAT#0<->PAUSEMENU/TEX/URABUKIYA.DAT#0
PAIR	PAUSEMENU/TEX/urabukiya_l.dat	0	PAUSEMENU/TEX/URABUKIYA_L.DAT	0	PAUSEMENU/TEX/URABUKIYA_L.DAT#0<->PAUSEMENU/TEX/URABUKIYA_L.DAT#0
PAIR	PAUSEMENU/TEX/victim_pendant.dat	0	PAUSEMENU/TEX/VICTIM_PENDANT.DAT	0	PAUSEMENU/TEX/VICTIM_PENDANT.DAT#0<->PAUSEMENU/TEX/VICTIM_PENDANT.DAT#0
PAIR	PAUSEMENU/TEX/wanshou.dat	0	PAUSEMENU/TEX/WANSHOU.DAT	0	PAUSEMENU/TEX/WANSHOU.DAT#0<->PAUSEMENU/TEX/WANSHOU.DAT#0
PAIR	PAUSEMENU/TEX/wanshou_l.dat	0	PAUSEMENU/TEX/WANSHOU_L.DAT	0	PAUSEMENU/TEX/WANSHOU_L.DAT#0<->PAUSEMENU/TEX/WANSHOU_L.DAT#0
PAIR	PAUSEMENU/TEX/WEHAM9945.dat	0	PAUSEMENU/TEX/WEHAM9945.DAT	0	PAUSEMENU/TEX/WEHAM9945.DAT#0<->PAUSEMENU/TEX/WEHAM9945.DAT#0
PAIR	PAUSEMENU/TEX/WEHAT0003.dat	0	PAUSEMENU/TEX/WEHAT0003.DAT	0	PAUSEMENU/TEX/WEHAT0003.DAT#0<->PAUSEMENU/TEX/WEHAT0003.DAT#0
PAIR	PAUSEMENU/TEX/WEHAT0006.dat	0	PAUSEMENU/TEX/WEHAT0006.DAT	0	PAUSEMENU/TEX/WEHAT0006.DAT#0<->PAUSEMENU/TEX/WEHAT0006.DAT#0
PAIR	PAUSEMENU/TEX/WEHAT994.dat	0	PAUSEMENU/TEX/WEHAT994.DAT	0	PAUSEMENU/TEX/WEHAT994.DAT#0<->PAUSEMENU/TEX/WEHAT994.DAT#0
PAIR	PAUSEMENU/TEX/WEHAT9945.dat	0	PAUSEMENU/TEX/WEHAT9945.DAT	0	PAUSEMENU/TEX/WEHAT9945.DAT#0<->PAUSEMENU/TEX/WEHAT9945.DAT#0
PAIR	PAUSEMENU/TEX/WEHAT9985.dat	0	PAUSEMENU/TEX/WEHAT9985.DAT	0	PAUSEMENU/TEX/WEHAT9985.DAT#0<->PAUSEMENU/TEX/WEHAT9985.DAT#0
PAIR	PAUSEMENU/TEX/WEKAN9971.dat	0	PAUSEMENU/TEX/WEKAN9971.DAT	0	PAUSEMENU/TEX/WEKAN9971.DAT#0<->PAUSEMENU/TEX/WEKAN9971.DAT#0
PAIR	PAUSEMENU/TEX/WEKIM0013.dat	0	PAUSEMENU/TEX/WEKIM0013.DAT	0	PAUSEMENU/TEX/WEKIM0013.DAT#0<->PAUSEMENU/TEX/WEKIM0013.DAT#0
PAIR	PAUSEMENU/TEX/WEKOH0001.dat	0	PAUSEMENU/TEX/WEKOH0001.DAT	0	PAUSEMENU/TEX/WEKOH0001.DAT#0<->PAUSEMENU/TEX/WEKOH0001.DAT#0
PAIR	PAUSEMENU/TEX/WEKOH0002.dat	0	PAUSEMENU/TEX/WEKOH0002.DAT	0	PAUSEMENU/TEX/WEKOH0002.DAT#0<->PAUSEMENU/TEX/WEKOH0002.DAT#0
PAIR	PAUSEMENU/TEX/WEKOH0007.dat	0	PAUSEMENU/TEX/WEKOH0007.DAT	0	PAUSEMENU/TEX/WEKOH0007.DAT#0<->PAUSEMENU/TEX/WEKOH0007.DAT#0
PAIR	PAUSEMENU/TEX/WEKOH0008.dat	0	PAUSEMENU/TEX/WEKOH0008.DAT	0	PAUSEMENU/TEX/WEKOH0008.DAT#0<->PAUSEMENU/TEX/WEKOH0008.DAT#0
PAIR	PAUSEMENU/TEX/WEKOH0009.dat	0	PAUSEMENU/TEX/WEKOH0009.DAT	0	PAUSEMENU/TEX/WEKOH0009.DAT#0<->PAUSEMENU/TEX/WEKOH0009.DAT#0
PAIR	PAUSEMENU/TEX/WEKOH0010.dat	0	PAUSEMENU/TEX/WEKOH0010.DAT	0	PAUSEMENU/TEX/WEKOH0010.DAT#0<->PAUSEMENU/TEX/WEKOH0010.DAT#0
PAIR	PAUSEMENU/TEX/WEKOH0012.dat	0	PAUSEMENU/TEX/WEKOH0012.DAT	0	PAUSEMENU/TEX/WEKOH0012.DAT#0<->PAUSEMENU/TEX/WEKOH0012.DAT#0
PAIR	PAUSEMENU/TEX/WEKOH0014.dat	0	PAUSEMENU/TEX/WEKOH0014.DAT	0	PAUSEMENU/TEX/WEKOH0014.DAT#0<->PAUSEMENU/TEX/WEKOH0014.DAT#0
PAIR	PAUSEMENU/TEX/WEKOH0022.dat	0	PAUSEMENU/TEX/WEKOH0022.DAT	0	PAUSEMENU/TEX/WEKOH0022.DAT#0<->PAUSEMENU/TEX/WEKOH0022.DAT#0
PAIR	PAUSEMENU/TEX/WEKOH0024.dat	0	PAUSEMENU/TEX/WEKOH0024.DAT	0	PAUSEMENU/TEX/WEKOH0024.DAT#0<->PAUSEMENU/TEX/WEKOH0024.DAT#0
PAIR	PAUSEMENU/TEX/WEKOH0026.dat	0	PAUSEMENU/TEX/WEKOH0026.DAT	0	PAUSEMENU/TEX/WEKOH0026.DAT#0<->PAUSEMENU/TEX/WEKOH0026.DAT#0
PAIR	PAUSEMENU/TEX/WEKOH0028.dat	0	PAUSEMENU/TEX/WEKOH0028.DAT	0	PAUSEMENU/TEX/WEKOH0028.DAT#0<->PAUSEMENU/TEX/WEKOH0028.DAT#0
PAIR	PAUSEMENU/TEX/WEKOH0030.dat	0	PAUSEMENU/TEX/WEKOH0030.DAT	0	PAUSEMENU/TEX/WEKOH0030.DAT#0<->PAUSEMENU/TEX/WEKOH0030.DAT#0
PAIR	PAUSEMENU/TEX/WEKOH0032.dat	0	PAUSEMENU/TEX/WEKOH0032.DAT	0	PAUSEMENU/TEX/WEKOH0032.DAT#0<->PAUSEMENU/TEX/WEKOH0032.DAT#0
PAIR	PAUSEMENU/TEX/WEKOH0050.dat	0	PAUSEMENU/TEX/WEKOH0050.DAT	0	PAUSEMENU/TEX/WEKOH0050.DAT#0<->PAUSEMENU/TEX/WEKOH0050.DAT#0
PAIR	PAUSEMENU/TEX/WEKOH9915.dat	0	PAUSEMENU/TEX/WEKOH9915.DAT	0	PAUSEMENU/TEX/WEKOH9915.DAT#0<->PAUSEMENU/TEX/WEKOH9915.DAT#0
PAIR	PAUSEMENU/TEX/WEKOH9920.dat	0	PAUSEMENU/TEX/WEKOH9920.DAT	0	PAUSEMENU/TEX/WEKOH9920.DAT#0<->PAUSEMENU/TEX/WEKOH9920.DAT#0
PAIR	PAUSEMENU/TEX/WEKOH9930.dat	0	PAUSEMENU/TEX/WEKOH9930.DAT	0	PAUSEMENU/TEX/WEKOH9930.DAT#0<->PAUSEMENU/TEX/WEKOH9930.DAT#0
PAIR	PAUSEMENU/TEX/WEKOH9940.dat	0	PAUSEMENU/TEX/WEKOH9940.DAT	0	PAUSEMENU/TEX/WEKOH9940.DAT#0<->PAUSEMENU/TEX/WEKOH9940.DAT#0
PAIR	PAUSEMENU/TEX/WEKOH9985.dat	0	PAUSEMENU/TEX/WEKOH9985.DAT	0	PAUSEMENU/TEX/WEKOH9985.DAT#0<->PAUSEMENU/TEX/WEKOH9985.DAT#0
PAIR	PAUSEMENU/TEX/WEORI0000.dat	0	PAUSEMENU/TEX/WEORI0000.DAT	0	PAUSEMENU/TEX/WEORI0000.DAT#0<->PAUSEMENU/TEX/WEORI0000.DAT#0
PAIR	PAUSEMENU/TEX/WEORI0001.dat	0	PAUSEMENU/TEX/WEORI0001.DAT	0	PAUSEMENU/TEX/WEORI0001.DAT#0<->PAUSEMENU/TEX/WEORI0001.DAT#0
PAIR	PAUSEMENU/TEX/WEORI0002.dat	0	PAUSEMENU/TEX/WEORI0002.DAT	0	PAUSEMENU/TEX/WEORI0002.DAT#0<->PAUSEMENU/TEX/WEORI0002.DAT#0
PAIR	PAUSEMENU/TEX/WEORI0003.dat	0	PAUSEMENU/TEX/WEORI0003.DAT	0	PAUSEMENU/TEX/WEORI0003.DAT#0<->PAUSEMENU/TEX/WEORI0003.DAT#0
PAIR	PAUSEMENU/TEX/WEORI0004.dat	0	PAUSEMENU/TEX/WEORI0004.DAT	0	PAUSEMENU/TEX/WEORI0004.DAT#0<->PAUSEMENU/TEX/WEORI0004.DAT#0
PAIR	PAUSEMENU/TEX/WEORI0006.dat	0	PAUSEMENU/TEX/WEORI0006.DAT	0	PAUSEMENU/TEX/WEORI0006.DAT#0<->PAUSEMENU/TEX/WEORI0006.DAT#0
PAIR	PAUSEMENU/TEX/WEORI0008.dat	0	PAUSEMENU/TEX/WEORI0008.DAT	0	PAUSEMENU/TEX/WEORI0008.DAT#0<->PAUSEMENU/TEX/WEORI0008.DAT#0
PAIR	PAUSEMENU/TEX/WEORI0010.dat	0	PAUSEMENU/TEX/WEORI0010.DAT	0	PAUSEMENU/TEX/WEORI0010.DAT#0<->PAUSEMENU/TEX/WEORI0010.DAT#0
PAIR	PAUSEMENU/TEX/WEORI0012.dat	0	PAUSEMENU/TEX/WEORI0012.DAT	0	PAUSEMENU/TEX/WEORI0012.DAT#0<->PAUSEMENU/TEX/WEORI0012.DAT#0
PAIR	PAUSEMENU/TEX/WEORI0014.dat	0	PAUSEMENU/TEX/WEORI0014.DAT	0	PAUSEMENU/TEX/WEORI0014.DAT#0<->PAUSEMENU/TEX/WEORI0014.DAT#0
PAIR	PAUSEMENU/TEX/WEORI0016.dat	0	PAUSEMENU/TEX/WEORI0016.DAT	0	PAUSEMENU/TEX/WEORI0016.DAT#0<->PAUSEMENU/TEX/WEORI0016.DAT#0
PAIR	PAUSEMENU/TEX/WEORI0051.dat	0	PAUSEMENU/TEX/WEORI0051.DAT	0	PAUSEMENU/TEX/WEORI0051.DAT#0<->PAUSEMENU/TEX/WEORI0051.DAT#0
PAIR	PAUSEMENU/TEX/WESOM0017.dat	0	PAUSEMENU/TEX/WESOM0017.DAT	0	PAUSEMENU/TEX/WESOM0017.DAT#0<->PAUSEMENU/TEX/WESOM0017.DAT#0
PAIR	PAUSEMENU/TEX/WETAM0020.dat	0	PAUSEMENU/TEX/WETAM0020.DAT	0	PAUSEMENU/TEX/WETAM0020.DAT#0<->PAUSEMENU/TEX/WETAM0020.DAT#0
PAIR	PAUSEMENU/TEX/WETAM0021.dat	0	PAUSEMENU/TEX/WETAM0021.DAT	0	PAUSEMENU/TEX/WETAM0021.DAT#0<->PAUSEMENU/TEX/WETAM0021.DAT#0
PAIR	PAUSEMENU/TEX/WETAM0023.dat	0	PAUSEMENU/TEX/WETAM0023.DAT	0	PAUSEMENU/TEX/WETAM0023.DAT#0<->PAUSEMENU/TEX/WETAM0023.DAT#0
PAIR	PAUSEMENU/TEX/WETAM0026.dat	0	PAUSEMENU/TEX/WETAM0026.DAT	0	PAUSEMENU/TEX/WETAM0026.DAT#0<->PAUSEMENU/TEX/WETAM0026.DAT#0
PAIR	PAUSEMENU/TEX/WETAM0027.dat	0	PAUSEMENU/TEX/WETAM0027.DAT	0	PAUSEMENU/TEX/WETAM0027.DAT#0<->PAUSEMENU/TEX/WETAM0027.DAT#0
PAIR	PAUSEMENU/TEX/WETAM0050.dat	0	PAUSEMENU/TEX/WETAM0050.DAT	0	PAUSEMENU/TEX/WETAM0050.DAT#0<->PAUSEMENU/TEX/WETAM0050.DAT#0
PAIR	PAUSEMENU/TEX/WETAM0053.dat	0	PAUSEMENU/TEX/WETAM0053.DAT	0	PAUSEMENU/TEX/WETAM0053.DAT#0<->PAUSEMENU/TEX/WETAM0053.DAT#0
PAIR	PAUSEMENU/TEX/WETAM9995.dat	0	PAUSEMENU/TEX/WETAM9995.DAT	0	PAUSEMENU/TEX/WETAM9995.DAT#0<->PAUSEMENU/TEX/WETAM9995.DAT#0
PAIR	PAUSEMENU/TEX/WEYAM0000.dat	0	PAUSEMENU/TEX/WEYAM0000.DAT	0	PAUSEMENU/TEX/WEYAM0000.DAT#0<->PAUSEMENU/TEX/WEYAM0000.DAT#0
PAIR	PAUSEMENU/TEX/WEYAM0002.dat	0	PAUSEMENU/TEX/WEYAM0002.DAT	0	PAUSEMENU/TEX/WEYAM0002.DAT#0<->PAUSEMENU/TEX/WEYAM0002.DAT#0
PAIR	PAUSEMENU/TEX/WEYAM0004.dat	0	PAUSEMENU/TEX/WEYAM0004.DAT	0	PAUSEMENU/TEX/WEYAM0004.DAT#0<->PAUSEMENU/TEX/WEYAM0004.DAT#0
PAIR	PAUSEMENU/TEX/WEYAM0006.dat	0	PAUSEMENU/TEX/WEYAM0006.DAT	0	PAUSEMENU/TEX/WEYAM0006.DAT#0<->PAUSEMENU/TEX/WEYAM0006.DAT#0
PAIR	PAUSEMENU/TEX/WEYAM0008.dat	0	PAUSEMENU/TEX/WEYAM0008.DAT	0	PAUSEMENU/TEX/WEYAM0008.DAT#0<->PAUSEMENU/TEX/WEYAM0008.DAT#0
PAIR	PAUSEMENU/TEX/WEYAM0010.dat	0	PAUSEMENU/TEX/WEYAM0010.DAT	0	PAUSEMENU/TEX/WEYAM0010.DAT#0<->PAUSEMENU/TEX/WEYAM0010.DAT#0
PAIR	PAUSEMENU/TEX/WEYAM0012.dat	0	PAUSEMENU/TEX/WEYAM0012.DAT	0	PAUSEMENU/TEX/WEYAM0012.DAT#0<->PAUSEMENU/TEX/WEYAM0012.DAT#0
PAIR	PAUSEMENU/TEX/WEYAM0014.dat	0	PAUSEMENU/TEX/WEYAM0014.DAT	0	PAUSEMENU/TEX/WEYAM0014.DAT#0<->PAUSEMENU/TEX/WEYAM0014.DAT#0
PAIR	PAUSEMENU/TEX/WEYAM0016.dat	0	PAUSEMENU/TEX/WEYAM0016.DAT	0	PAUSEMENU/TEX/WEYAM0016.DAT#0<->PAUSEMENU/TEX/WEYAM0016.DAT#0
PAIR	PAUSEMENU/TEX/WEYAM0018.dat	0	PAUSEMENU/TEX/WEYAM0018.DAT	0	PAUSEMENU/TEX/WEYAM0018.DAT#0<->PAUSEMENU/TEX/WEYAM0018.DAT#0
PAIR	PAUSEMENU/TEX/WEYAM0020.dat	0	PAUSEMENU/TEX/WEYAM0020.DAT	0	PAUSEMENU/TEX/WEYAM0020.DAT#0<->PAUSEMENU/TEX/WEYAM0020.DAT#0
PAIR	PAUSEMENU/TEX/WEYAM0022.dat	0	PAUSEMENU/TEX/WEYAM0022.DAT	0	PAUSEMENU/TEX/WEYAM0022.DAT#0<->PAUSEMENU/TEX/WEYAM0022.DAT#0
PAIR	PAUSEMENU/TEX/WEYAM0024.dat	0	PAUSEMENU/TEX/WEYAM0024.DAT	0	PAUSEMENU/TEX/WEYAM0024.DAT#0<->PAUSEMENU/TEX/WEYAM0024.DAT#0
PAIR	PAUSEMENU/TEX/WEYAM0026.dat	0	PAUSEMENU/TEX/WEYAM0026.DAT	0	PAUSEMENU/TEX/WEYAM0026.DAT#0<->PAUSEMENU/TEX/WEYAM0026.DAT#0
PAIR	PAUSEMENU/TEX/WEYAM0028.dat	0	PAUSEMENU/TEX/WEYAM0028.DAT	0	PAUSEMENU/TEX/WEYAM0028.DAT#0<->PAUSEMENU/TEX/WEYAM0028.DAT#0
PAIR	PAUSEMENU/TEX/WEYAM0030.dat	0	PAUSEMENU/TEX/WEYAM0030.DAT	0	PAUSEMENU/TEX/WEYAM0030.DAT#0<->PAUSEMENU/TEX/WEYAM0030.DAT#0
PAIR	PAUSEMENU/TEX/WEYAM0032.dat	0	PAUSEMENU/TEX/WEYAM0032.DAT	0	PAUSEMENU/TEX/WEYAM0032.DAT#0<->PAUSEMENU/TEX/WEYAM0032.DAT#0
PAIR	PAUSEMENU/TEX/WEYAM0034.dat	0	PAUSEMENU/TEX/WEYAM0034.DAT	0	PAUSEMENU/TEX/WEYAM0034.DAT#0<->PAUSEMENU/TEX/WEYAM0034.DAT#0
PAIR	PAUSEMENU/TEX/WEYAM0036.dat	0	PAUSEMENU/TEX/WEYAM0036.DAT	0	PAUSEMENU/TEX/WEYAM0036.DAT#0<->PAUSEMENU/TEX/WEYAM0036.DAT#0
PAIR	PAUSEMENU/TEX/WEYAM0038.dat	0	PAUSEMENU/TEX/WEYAM0038.DAT	0	PAUSEMENU/TEX/WEYAM0038.DAT#0<->PAUSEMENU/TEX/WEYAM0038.DAT#0
PAIR	PAUSEMENU/TEX/WEYAM0040.dat	0	PAUSEMENU/TEX/WEYAM0040.DAT	0	PAUSEMENU/TEX/WEYAM0040.DAT#0<->PAUSEMENU/TEX/WEYAM0040.DAT#0
PAIR	PAUSEMENU/TEX/WEYAM0042.dat	0	PAUSEMENU/TEX/WEYAM0042.DAT	0	PAUSEMENU/TEX/WEYAM0042.DAT#0<->PAUSEMENU/TEX/WEYAM0042.DAT#0
PAIR	PAUSEMENU/TEX/WEYAM0044.dat	0	PAUSEMENU/TEX/WEYAM0044.DAT	0	PAUSEMENU/TEX/WEYAM0044.DAT#0<->PAUSEMENU/TEX/WEYAM0044.DAT#0
PAIR	PAUSEMENU/TEX/WEYAM0046.dat	0	PAUSEMENU/TEX/WEYAM0046.DAT	0	PAUSEMENU/TEX/WEYAM0046.DAT#0<->PAUSEMENU/TEX/WEYAM0046.DAT#0
PAIR	PAUSEMENU/TEX/WEYAM0052.dat	0	PAUSEMENU/TEX/WEYAM0052.DAT	0	PAUSEMENU/TEX/WEYAM0052.DAT#0<->PAUSEMENU/TEX/WEYAM0052.DAT#0
PAIR	PAUSEMENU/TEX/WEYAM0054.dat	0	PAUSEMENU/TEX/WEYAM0054.DAT	0	PAUSEMENU/TEX/WEYAM0054.DAT#0<->PAUSEMENU/TEX/WEYAM0054.DAT#0
PAIR	PAUSEMENU/TEX/WEYAM0057.dat	0	PAUSEMENU/TEX/WEYAM0057.DAT	0	PAUSEMENU/TEX/WEYAM0057.DAT#0<->PAUSEMENU/TEX/WEYAM0057.DAT#0
PAIR	PAUSEMENU/TEX/WEYAM0062.dat	0	PAUSEMENU/TEX/WEYAM0062.DAT	0	PAUSEMENU/TEX/WEYAM0062.DAT#0<->PAUSEMENU/TEX/WEYAM0062.DAT#0
PAIR	PAUSEMENU/TEX/WEYAM0063.dat	0	PAUSEMENU/TEX/WEYAM0063.DAT	0	PAUSEMENU/TEX/WEYAM0063.DAT#0<->PAUSEMENU/TEX/WEYAM0063.DAT#0
PAIR	PAUSEMENU/TEX/WEYAM0064.dat	0	PAUSEMENU/TEX/WEYAM0064.DAT	0	PAUSEMENU/TEX/WEYAM0064.DAT#0<->PAUSEMENU/TEX/WEYAM0064.DAT#0
PAIR	PAUSEMENU/TEX/WEYAM0065.dat	0	PAUSEMENU/TEX/WEYAM0065.DAT	0	PAUSEMENU/TEX/WEYAM0065.DAT#0<->PAUSEMENU/TEX/WEYAM0065.DAT#0
PAIR	PAUSEMENU/TEX/WEYAM0066.dat	0	PAUSEMENU/TEX/WEYAM0066.DAT	0	PAUSEMENU/TEX/WEYAM0066.DAT#0<->PAUSEMENU/TEX/WEYAM0066.DAT#0
PAIR	PAUSEMENU/TEX/WEYAM0068.dat	0	PAUSEMENU/TEX/WEYAM0068.DAT	0	PAUSEMENU/TEX/WEYAM0068.DAT#0<->PAUSEMENU/TEX/WEYAM0068.DAT#0
PAIR	PAUSEMENU/TEX/WEYAM0070.dat	0	PAUSEMENU/TEX/WEYAM0070.DAT	0	PAUSEMENU/TEX/WEYAM0070.DAT#0<->PAUSEMENU/TEX/WEYAM0070.DAT#0
PAIR	PAUSEMENU/TEX/WEYAM0072.dat	0	PAUSEMENU/TEX/WEYAM0072.DAT	0	PAUSEMENU/TEX/WEYAM0072.DAT#0<->PAUSEMENU/TEX/WEYAM0072.DAT#0
PAIR	PAUSEMENU/TEX/WEYAM0074.dat	0	PAUSEMENU/TEX/WEYAM0074.DAT	0	PAUSEMENU/TEX/WEYAM0074.DAT#0<->PAUSEMENU/TEX/WEYAM0074.DAT#0
PAIR	PAUSEMENU/TEX/winny.dat	0	PAUSEMENU/TEX/WINNY.DAT	0	PAUSEMENU/TEX/WINNY.DAT#0<->PAUSEMENU/TEX/WINNY.DAT#0
PAIR	PAUSEMENU/TEX/winny_l.dat	0	PAUSEMENU/TEX/WINNY_L.DAT	0	PAUSEMENU/TEX/WINNY_L.DAT#0<->PAUSEMENU/TEX/WINNY_L.DAT#0
PAIR	PAUSEMENU/TEX/wonder_jewel.dat	0	PAUSEMENU/TEX/WONDER_JEWEL.DAT	0	PAUSEMENU/TEX/WONDER_JEWEL.DAT#0<->PAUSEMENU/TEX/WONDER_JEWEL.DAT#0
PAIR	PAUSEMENU/TEX/yakisoba.dat	0	PAUSEMENU/TEX/YAKISOBA.DAT	0	PAUSEMENU/TEX/YAKISOBA.DAT#0<->PAUSEMENU/TEX/YAKISOBA.DAT#0
PAIR	PAUSEMENU/TEX/yumi.dat	0	PAUSEMENU/TEX/YUMI.DAT	0	PAUSEMENU/TEX/YUMI.DAT#0<->PAUSEMENU/TEX/YUMI.DAT#0
PAIR	PAUSEMENU/TEX/yuya.dat	0	PAUSEMENU/TEX/YUYA.DAT	0	PAUSEMENU/TEX/YUYA.DAT#0<->PAUSEMENU/TEX/YUYA.DAT#0
PS3_ONLY	PAUSEMENU/USA/pm_item.dat	0			
PS3_ONLY	PAUSEMENU/USA/pm_keitai.dat	0			
PS3_ONLY	PAUSEMENU/USA/pm_main.dat	0			
PS3_ONLY	PAUSEMENU/USA/pm_map.dat	0			
PS3_ONLY	PAUSEMENU/USA/pm_mission.dat	0			
PS3_ONLY	PAUSEMENU/USA/pm_soukanzu.dat	0			
PS3_ONLY	PAUSEMENU/USA/pm_status.dat	0			
PAIR	PRODUCTION_CHARA/pro_char_1.dat	0	PRODUCTION_CHARA/PRO_CHAR_1.DAT	0	PRODUCTION_CHARA/PRO_CHAR_1.DAT#0<->PRODUCTION_CHARA/PRO_CHAR_1.DAT#0
PAIR	PRODUCTION_CHARA/pro_char_2.dat	0	PRODUCTION_CHARA/PRO_CHAR_2.DAT	0	PRODUCTION_CHARA/PRO_CHAR_2.DAT#0<->PRODUCTION_CHARA/PRO_CHAR_2.DAT#0
PAIR	PRODUCTION_CHARA/pro_char_3.dat	0	PRODUCTION_CHARA/PRO_CHAR_3.DAT	0	PRODUCTION_CHARA/PRO_CHAR_3.DAT#0<->PRODUCTION_CHARA/PRO_CHAR_3.DAT#0
PS3_ONLY	ProloEpilo/Epilogue.dat	0			
PS3_ONLY	ProloEpilo/Epilogue.dat	1			
PS3_ONLY	ProloEpilo/Prologue.dat	0			
PS3_ONLY	ProloEpilo/Prologue.dat	1			
PS3_ONLY	ProloEpilo/Prologue.dat	2			
PS3_ONLY	ProloEpilo/Prologue.dat	3			
PS3_ONLY	ProloEpilo/Prologue.dat000	0			
PS3_ONLY	ProloEpilo/Prologue.dat000	1			
PS3_ONLY	ProloEpilo/Prologue.dat000	2			
PS3_ONLY	ProloEpilo/Prologue.dat000	3			
PS3_ONLY	ProloEpilo/Prologue.dat001	0			
PS3_ONLY	StaffRoll/StaffRoll.bin	0			
PS3_ONLY	StaffRoll/StaffRoll.bin	1			
PS3_ONLY	StaffRoll/StaffRoll.bin	2			
PS3_ONLY	StaffRoll/StaffRoll.bin	3			
PS3_ONLY	StaffRoll/StaffRoll.bin	4			
PS3_ONLY	StaffRoll/StaffRoll.bin	5			
PS3_ONLY	StaffRoll/StaffRoll.bin	6			
PS3_ONLY	StaffRoll/StaffRoll.bin	7			
PS3_ONLY	StaffRoll/StaffRoll.bin	8			
PS3_ONLY	StaffRoll/StaffRoll.bin	9			
PS3_ONLY	StaffRoll/StaffRoll.bin	10			
PS3_ONLY	StaffRoll/StaffRoll.bin	11			
PS3_ONLY	StaffRoll/StaffRoll.bin	12			
PS3_ONLY	StaffRoll/StaffRoll.bin	13			
PS3_ONLY	StaffRoll/StaffRoll.bin	14			
PS3_ONLY	StaffRoll/StaffRoll.bin	15			
PS3_ONLY	StaffRoll/StaffRoll.bin	16			
PS3_ONLY	StaffRoll/StaffRoll.bin	17			
PS3_ONLY	StaffRoll/StaffRoll.bin	18			
PS3_ONLY	StaffRoll/StaffRoll.bin	19			
PS3_ONLY	StaffRoll/StaffRoll.bin	20			
PS3_ONLY	StaffRoll/StaffRoll.bin	21			
PS3_ONLY	StaffRoll/StaffRoll.bin	22			
PS3_ONLY	StaffRoll/StaffRoll.bin	23			
PS3_ONLY	StaffRoll/StaffRoll.bin	24			
PS3_ONLY	StaffRoll/StaffRoll.bin	25			
PS3_ONLY	StaffRoll/StaffRoll.bin	26			
PS3_ONLY	StaffRoll/StaffRoll.bin	27			
PS3_ONLY	StaffRoll/StaffRoll.bin	28			
PS3_ONLY	StaffRoll/StaffRoll.bin	29			
PS3_ONLY	StaffRoll/StaffRoll.bin	30			
PS3_ONLY	StaffRoll/StaffRoll.bin	31			
PAIR	StaffRoll/StaffRollBack.bin	0	STAFFROLL/STAFFROLLBACK.BIN	0	STAFFROLL/STAFFROLLBACK.BIN#0<->STAFFROLL/STAFFROLLBACK.BIN#0
PAIR	StaffRoll/StaffRollBack.bin	1	STAFFROLL/STAFFROLLBACK.BIN	1	STAFFROLL/STAFFROLLBACK.BIN#1<->STAFFROLL/STAFFROLLBACK.BIN#1
PAIR	StaffRoll/StaffRollBack.bin	2	STAFFROLL/STAFFROLLBACK.BIN	2	STAFFROLL/STAFFROLLBACK.BIN#2<->STAFFROLL/STAFFROLLBACK.BIN#2
PAIR	StaffRoll/StaffRollBack.bin	3	STAFFROLL/STAFFROLLBACK.BIN	3	STAFFROLL/STAFFROLLBACK.BIN#3<->STAFFROLL/STAFFROLLBACK.BIN#3
PAIR	StaffRoll/StaffRollBack.bin	4	STAFFROLL/STAFFROLLBACK.BIN	4	STAFFROLL/STAFFROLLBACK.BIN#4<->STAFFROLL/STAFFROLLBACK.BIN#4
PAIR	StaffRoll/StaffRollBack.bin	5	STAFFROLL/STAFFROLLBACK.BIN	5	STAFFROLL/STAFFROLLBACK.BIN#5<->STAFFROLL/STAFFROLLBACK.BIN#5
PAIR	StaffRoll/StaffRollBack.bin	6	STAFFROLL/STAFFROLLBACK.BIN	6	STAFFROLL/STAFFROLLBACK.BIN#6<->STAFFROLL/STAFFROLLBACK.BIN#6
PAIR	StaffRoll/StaffRollBack.bin	7	STAFFROLL/STAFFROLLBACK.BIN	7	STAFFROLL/STAFFROLLBACK.BIN#7<->STAFFROLL/STAFFROLLBACK.BIN#7
PAIR	StaffRoll/StaffRollBack.bin	8	STAFFROLL/STAFFROLLBACK.BIN	8	STAFFROLL/STAFFROLLBACK.BIN#8<->STAFFROLL/STAFFROLLBACK.BIN#8
PAIR	StaffRoll/StaffRollBack.bin	9	STAFFROLL/STAFFROLLBACK.BIN	9	STAFFROLL/STAFFROLLBACK.BIN#9<->STAFFROLL/STAFFROLLBACK.BIN#9
PAIR	StaffRoll/StaffRollBack.bin	10	STAFFROLL/STAFFROLLBACK.BIN	10	STAFFROLL/STAFFROLLBACK.BIN#10<->STAFFROLL/STAFFROLLBACK.BIN#10
PAIR	StaffRoll/StaffRollBack.bin	11	STAFFROLL/STAFFROLLBACK.BIN	11	STAFFROLL/STAFFROLLBACK.BIN#11<->STAFFROLL/STAFFROLLBACK.BIN#11
PAIR	StaffRoll/StaffRollBack.bin	12	STAFFROLL/STAFFROLLBACK.BIN	12	STAFFROLL/STAFFROLLBACK.BIN#12<->STAFFROLL/STAFFROLLBACK.BIN#12
PAIR	StaffRoll/StaffRollBack.bin	13	STAFFROLL/STAFFROLLBACK.BIN	13	STAFFROLL/STAFFROLLBACK.BIN#13<->STAFFROLL/STAFFROLLBACK.BIN#13
PAIR	StaffRoll/StaffRollBack.bin	14	STAFFROLL/STAFFROLLBACK.BIN	14	STAFFROLL/STAFFROLLBACK.BIN#14<->STAFFROLL/STAFFROLLBACK.BIN#14
PAIR	StaffRoll/StaffRollBack.bin	15	STAFFROLL/STAFFROLLBACK.BIN	15	STAFFROLL/STAFFROLLBACK.BIN#15<->STAFFROLL/STAFFROLLBACK.BIN#15
PAIR	StaffRoll/StaffRollBack.bin	16	STAFFROLL/STAFFROLLBACK.BIN	16	STAFFROLL/STAFFROLLBACK.BIN#16<->STAFFROLL/STAFFROLLBACK.BIN#16
PAIR	StaffRoll/StaffRollBack.bin	17	STAFFROLL/STAFFROLLBACK.BIN	17	STAFFROLL/STAFFROLLBACK.BIN#17<->STAFFROLL/STAFFROLLBACK.BIN#17
PAIR	StaffRoll/StaffRollBack.bin	18	STAFFROLL/STAFFROLLBACK.BIN	18	STAFFROLL/STAFFROLLBACK.BIN#18<->STAFFROLL/STAFFROLLBACK.BIN#18
PAIR	StaffRoll/StaffRollBack.bin	19	STAFFROLL/STAFFROLLBACK.BIN	19	STAFFROLL/STAFFROLLBACK.BIN#19<->STAFFROLL/STAFFROLLBACK.BIN#19
PAIR	StaffRoll/StaffRollBack.bin	20	STAFFROLL/STAFFROLLBACK.BIN	20	STAFFROLL/STAFFROLLBACK.BIN#20<->STAFFROLL/STAFFROLLBACK.BIN#20
PAIR	StaffRoll/StaffRollBack.bin	21	STAFFROLL/STAFFROLLBACK.BIN	21	STAFFROLL/STAFFROLLBACK.BIN#21<->STAFFROLL/STAFFROLLBACK.BIN#21
PS2_ONLY			CSE/CSE_FACE_KAZUKI.DAT	0	
PS2_ONLY			CSE/SPA/CSE_ADV.DAT	2	
PS2_ONLY			CSE/SPA/CSE_ADV.DAT	3	
PS2_ONLY			CSE/SPA/CSE_ADV.DAT	4	
PS2_ONLY			CSE/SPA/CSE_ADV.DAT	5	
PS2_ONLY			CSE/SPA/CSE_AGITO_MAIN.DAT	1	
PS2_ONLY			CSE/SPA/CSE_AGITO_MAIN.DAT	2	
PS2_ONLY			CSE/SPA/CSE_BACCARA.DAT	1	
PS2_ONLY			CSE/SPA/CSE_BACCARA.DAT	2	
PS2_ONLY			CSE/SPA/CSE_BACCARA.DAT	3	
PS2_ONLY			CSE/SPA/CSE_BATTING.DAT	0	
PS2_ONLY			CSE/SPA/CSE_BATTING.DAT	2	
PS2_ONLY			CSE/SPA/CSE_BLACKJACK.DAT	1	
PS2_ONLY			CSE/SPA/CSE_BLACKJACK.DAT	2	
PS2_ONLY			CSE/SPA/CSE_BLACKJACK.DAT	3	
PS2_ONLY			CSE/SPA/CSE_BTL.DAT	2	
PS2_ONLY			CSE/SPA/CSE_BTL.DAT	3	
PS2_ONLY			CSE/SPA/CSE_BTL.DAT	4	
PS2_ONLY			CSE/SPA/CSE_BTL.DAT	5	
PS2_ONLY			CSE/SPA/CSE_CARCHASE.DAT	1	
PS2_ONLY			CSE/SPA/CSE_CARCHASE.DAT	3	
PS2_ONLY			CSE/SPA/CSE_CONTINUE.DAT	0	
PS2_ONLY			CSE/SPA/CSE_CONTINUE.DAT	1	
PS2_ONLY			CSE/SPA/CSE_CONTINUE.DAT	2	
PS2_ONLY			CSE/SPA/CSE_CONTINUE.DAT	3	
PS2_ONLY			CSE/SPA/CSE_HELTH.DAT	1	
PS2_ONLY			CSE/SPA/CSE_KIWAMI.DAT	0	
PS2_ONLY			CSE/SPA/CSE_KIWAMI.DAT	1	
PS2_ONLY			CSE/SPA/CSE_ODDOREVEN.DAT	1	
PS2_ONLY			CSE/SPA/CSE_OPTION.DAT	0	
PS2_ONLY			CSE/SPA/CSE_OPTION.DAT	1	
PS2_ONLY			CSE/SPA/CSE_ROLETTE.DAT	1	
PS2_ONLY			CSE/SPA/CSE_ROLETTE.DAT	2	
PS2_ONLY			CSE/SPA/CSE_ROLETTE.DAT	3	
PS2_ONLY			CSE/SPA/CSE_SLOT.DAT	0	
PS2_ONLY			CSE/SPA/CSE_SLOT.DAT	2	
PS2_ONLY			CSE/SPA/CSE_TITLE.DAT	0	
PS2_ONLY			CSE/SPA/CSE_TITLE.DAT	1	
PS2_ONLY			CSE/SPA/CSE_TITLE.DAT	2	
PS2_ONLY			CSE/SPA/CSE_TITLE.DAT	3	
PS2_ONLY			CSE/SPA/CSE_TITLE.DAT	4	
PS2_ONLY			CSE/SPA/CSE_TITLE.DAT	5	
PS2_ONLY			CSE/SPA/CSE_UFO.DAT	0	
PS2_ONLY			CSE/SPA/CSE_UFO.DAT	2	
PS2_ONLY			STAFFROLL/STAFFROLL.BIN	0	
PS2_ONLY			STAFFROLL/STAFFROLL.BIN	1	
PS2_ONLY			STAFFROLL/STAFFROLL.BIN	2	
PS2_ONLY			STAFFROLL/STAFFROLL.BIN	3	
PS2_ONLY			STAFFROLL/STAFFROLL.BIN	4	
PS2_ONLY			STAFFROLL/STAFFROLL.BIN	5	
PS2_ONLY			STAFFROLL/STAFFROLL.BIN	6	
PS2_ONLY			STAFFROLL/STAFFROLL.BIN	7	
PS2_ONLY			STAFFROLL/STAFFROLL.BIN	8	
PS2_ONLY			STAFFROLL/STAFFROLL.BIN	9	
PS2_ONLY			STAFFROLL/STAFFROLL.BIN	10	
PS2_ONLY			STAFFROLL/STAFFROLL.BIN	11	
PS2_ONLY			STAFFROLL/STAFFROLL.BIN	12	
PS2_ONLY			STAFFROLL/STAFFROLL.BIN	13	
PS2_ONLY			STAFFROLL/STAFFROLL.BIN	14	
PS2_ONLY			STAFFROLL/STAFFROLL.BIN	15	
PS2_ONLY			STAFFROLL/STAFFROLL.BIN	16	
PS2_ONLY			STAFFROLL/STAFFROLL.BIN	17	
PS2_ONLY			STAFFROLL/STAFFROLL.BIN	18	
PS2_ONLY			STAFFROLL/STAFFROLL.BIN	19	
PS2_ONLY			STAFFROLL/STAFFROLL.BIN	20	
PS2_ONLY			STAFFROLL/STAFFROLL.BIN	21	
PS2_ONLY			STAFFROLL/STAFFROLL.BIN	22	
PS2_ONLY			STAFFROLL/STAFFROLL.BIN	23	
PS2_ONLY			STAFFROLL/STAFFROLL.BIN	24	
PS2_ONLY			STAFFROLL/STAFFROLL.BIN	25	
PS2_ONLY			STAFFROLL/STAFFROLL.BIN	26	
PS2_ONLY			STAFFROLL/STAFFROLL.BIN	27	
